"Date","4.4 KitKat","5.1 Lollipop","7.0 Nougat","6.0 Marshmallow","9.0 Pie","7.1 Nougat","11.0","8.1 Oreo","5.0 Lollipop","10.0","4.2 Jelly Bean","8.0 Oreo","12.0","13.0","4.1 Jelly Bean","4.0 Ice Cream Sandwich","4.3 Jelly Bean","14.0","3.2 Honeycomb","2.3 Gingerbread","2.2 Froyo","3.0 Honeycomb","11.1","3.1 Honeycomb","6.1 Marshmallow","10.1","10.2","10.4","10.3","2.0 Eclair","Other"
2017-06,36.71,17.35,3.11,16.5,0,0.17,0,0,8.9,0,8.73,0,0,0,4.42,3.09,0.37,0,0.23,0.21,0.08,0.01,0,0.11,0,0,0,0,0,0.01,0.01
2017-07,36.24,17.63,4.16,15.92,0,0.23,0,0,8.79,0,8.5,0,0,0,4.32,3.15,0.4,0,0.23,0.2,0.09,0.01,0,0.1,0,0,0,0,0,0.01,0.01
2017-08,35.27,17.98,5.1,16.05,0,0.27,0,0,8.67,0,8.33,0,0,0,4.15,3.14,0.4,0,0.23,0.18,0.1,0.01,0,0.1,0.01,0,0,0,0,0.01,0.01
2017-09,34.82,18.01,5.94,16.47,0,0.3,0,0,8.55,0,8.03,0,0,0,4.1,2.78,0.42,0,0.22,0.16,0.08,0.01,0,0.09,0.01,0,0,0,0,0,0.01
2017-10,33.19,18.39,7.15,16.53,0,0.99,0,0,8.54,0,7.58,0.01,0,0,3.85,2.81,0.4,0,0.2,0.16,0.08,0.01,0,0.09,0.01,0,0,0,0,0,0.01
2017-11,32.4,18.7,7.88,14.33,0,3.51,0,0,8.42,0,7.36,0.01,0,0,3.67,2.74,0.39,0,0.19,0.18,0.1,0.02,0,0.08,0.01,0,0,0,0,0.01,0
2017-12,30.89,19.43,8.44,12.91,0,5.92,0,0.01,8.49,0,7.06,0.01,0,0,3.45,2.43,0.39,0,0.17,0.17,0.12,0.01,0,0.07,0.01,0,0,0,0,0,0
2018-01,30.52,20.05,9.14,12.35,0,6.73,0,0.01,8.05,0,6.64,0.01,0,0,3.21,2.29,0.37,0,0.16,0.27,0.09,0.01,0,0.06,0.01,0,0,0,0,0,0
2018-02,29.85,20.48,10.06,12.36,0,6.94,0,0.01,7.78,0,6.23,0.01,0,0,3.15,2.31,0.35,0,0.17,0.12,0.08,0,0,0.07,0.02,0,0,0,0,0,0
2018-03,29.34,22.46,10.39,10.98,0,7.14,0,0.02,7.43,0,5.9,0.01,0,0,3.07,2.34,0.43,0,0.17,0.14,0.09,0.01,0,0.07,0.02,0,0,0,0,0.01,0
2018-04,28.58,22.14,11.14,10.94,0,7.6,0,0.03,7.45,0,5.8,0.01,0,0,2.96,2.33,0.43,0,0.18,0.21,0.08,0.01,0,0.08,0.02,0,0,0,0,0,0
2018-05,28.65,22.03,11.59,10.94,0,7.81,0,0.03,7.21,0,5.64,0.04,0,0,2.8,2.29,0.41,0,0.17,0.21,0.07,0.01,0,0.07,0.02,0,0,0,0,0.01,0
2018-06,28.77,22.46,11.32,10.52,0,7.95,0,0.02,6.96,0,5.71,0.48,0,0,2.62,2.24,0.39,0,0.17,0.19,0.07,0.01,0,0.07,0.03,0,0,0,0,0.01,0
2018-07,28.65,22.7,11.66,10.55,0,8.11,0,0.04,6.83,0,5.41,0.64,0,0,2.47,2.13,0.38,0,0.15,0.11,0.06,0.01,0,0.06,0.03,0,0,0,0,0,0
2018-08,28.15,22.6,12.04,10.92,0,8.08,0,0.07,6.89,0,5.34,0.71,0,0,2.42,2.04,0.33,0,0.15,0.1,0.05,0,0,0.06,0.03,0,0,0,0,0.01,0
2018-09,25.87,23.38,13.23,10.84,0,8.64,0,0.13,6.85,0,5.07,0.85,0,0,2.34,2.09,0.31,0,0.14,0.09,0.05,0,0,0.06,0.04,0,0,0,0,0.01,0
2018-10,25.47,23.73,13.33,10.65,0,8.38,0,0.3,7.14,0,5.04,0.85,0,0,2.34,2.12,0.27,0,0.14,0.08,0.05,0.01,0,0.06,0.03,0,0,0,0,0.01,0
2018-11,26.05,26.3,10.47,10.08,0.01,6.54,0,1.08,7.09,0,5.79,0.38,0,0,2.9,2.61,0.22,0,0.17,0.11,0.06,0.01,0,0.08,0.04,0,0,0,0,0.01,0
2018-12,26.31,23.73,9.04,9.41,0.01,8.13,0,6.14,6.04,0,5.11,0.31,0,0,2.82,2.33,0.21,0,0.13,0.09,0.05,0.02,0,0.07,0.03,0,0,0,0,0.01,0
2019-01,26.37,23.67,7.54,9.07,0.02,8.5,0,8.45,5.73,0,5.04,0.3,0,0,2.43,2.28,0.18,0,0.13,0.08,0.07,0.05,0,0.06,0.03,0,0,0,0,0.01,0.01
2019-02,25.09,24.16,7.47,8.88,0.03,8.96,0,9.71,5.56,0,4.62,0.32,0,0,2.29,2.26,0.18,0,0.12,0.08,0.08,0.07,0,0.05,0.03,0,0,0,0,0.01,0.04
2019-03,22.98,22.83,9.8,9.61,0.03,9.51,0,9.72,6.09,0,4.04,1.1,0,0,1.9,1.81,0.22,0,0.09,0.07,0.05,0.04,0,0.04,0.03,0,0,0,0,0.01,0.01
2019-04,22.71,22.76,9.54,9.8,0.06,9.4,0,10.03,6,0,4.18,1.11,0,0,1.98,1.78,0.27,0,0.1,0.07,0.08,0.06,0,0.05,0.03,0,0,0,0,0.01,0
2019-05,22.31,21.9,12,9.64,0.16,9.23,0,10.22,5.81,0,3.66,1.11,0,0,1.72,1.68,0.22,0,0.08,0.05,0.05,0.05,0,0.04,0.03,0,0,0,0,0.01,0
2019-06,24.48,22.19,9.25,9.08,0.25,9.75,0,10.78,5.53,0,3.67,1.09,0,0,1.65,1.65,0.26,0,0.09,0.05,0.06,0.07,0,0.05,0.04,0,0,0,0,0.01,0
2019-07,26.45,22.41,8.63,8.47,0.4,9.54,0,10.61,5.29,0,3.44,1.08,0,0,1.53,1.61,0.24,0,0.09,0.06,0.04,0.02,0,0.05,0.04,0,0,0,0,0.01,0
2019-08,25.22,23.11,8.87,8.77,0.53,10.24,0,11.46,5.48,0,2.42,1.17,0,0,0.88,1.39,0.16,0,0.09,0.07,0.04,0.03,0,0.04,0.03,0,0,0,0,0.01,0
2019-09,21.48,22.31,10.44,8.68,3.42,10.39,0,11.85,5.28,0,2,1.6,0,0,0.7,1.36,0.14,0,0.08,0.1,0.04,0.04,0,0.04,0.02,0,0,0,0,0.01,0
2019-10,18.18,23.48,10.58,9.03,5.5,10.36,0,12.13,5.17,0.01,1.88,1.3,0,0,0.64,1.25,0.13,0,0.07,0.11,0.04,0.04,0,0.04,0.03,0,0,0,0,0.01,0.01
2019-11,21.28,21.32,10.93,8.36,6.49,10.08,0,11.13,4.88,0.01,1.78,1.7,0,0,0.56,1.12,0.11,0,0.07,0.06,0.02,0.02,0,0.03,0.02,0,0,0,0,0.01,0.02
2019-12,19.54,20.31,11.1,7.95,8.39,10.7,0,11.27,4.83,0.02,1.71,2.1,0,0,0.55,1.18,0.12,0,0.07,0.06,0.03,0.02,0,0.03,0.02,0,0,0,0,0.01,0.01
2020-01,18.81,19.29,10.88,7.65,10.44,10.86,0,11.05,4.58,0.02,1.75,2.48,0,0,0.58,1.26,0.11,0,0.07,0.06,0.02,0.01,0,0.03,0.02,0,0,0,0,0.01,0.02
2020-02,17.51,18.98,10.9,7.59,11.56,10.87,0,11.13,4.37,0.04,2.02,2.62,0,0,0.84,1.22,0.14,0,0.06,0.05,0.03,0.01,0,0.03,0.02,0,0,0,0,0.01,0.02
2020-03,17.16,18.25,10.83,7.43,12.65,10.69,0,10.86,4.24,0.04,2.25,2.87,0,0,1.01,1.33,0.17,0,0.06,0.04,0.02,0.01,0,0.03,0.02,0,0,0,0,0.02,0.01
2020-04,15.66,18.06,11.16,7.59,14.15,11.18,0,10.98,4.17,0.16,1.74,3.07,0,0,0.73,1.09,0.12,0,0.03,0.02,0.01,0.02,0,0.01,0.02,0,0,0,0,0.02,0.02
2020-05,15.27,17.93,11.11,7.71,14.65,11.04,0,11.12,4.14,0.63,1.45,3.3,0,0,0.5,0.96,0.1,0,0,0.02,0,0.01,0,0,0.02,0,0,0,0,0.02,0.02
2020-06,14.86,17.65,11.21,7.72,15.72,10.61,0,10.62,4.08,0.81,1.49,3.5,0,0,0.51,1.01,0.11,0,0,0.01,0,0.01,0,0,0.02,0,0,0,0,0.01,0.02
2020-07,15.19,17.17,11.02,7.44,15.38,10.4,0,10.15,4.05,2.29,1.46,3.68,0,0,0.5,1.04,0.11,0,0,0.01,0.01,0.04,0,0,0.02,0,0,0,0,0.01,0.03
2020-08,15.16,16.68,10.81,7.53,11.7,10.17,0,9.94,3.94,7.39,1.4,3.72,0,0,0.46,0.91,0.09,0,0,0,0.01,0.03,0,0,0.02,0,0,0,0,0.02,0.03
2020-09,13.59,16.22,10.77,7.36,10.99,9.18,0,9.89,3.84,11.1,1.27,4.21,0,0,0.45,0.91,0.08,0,0,0,0.01,0.03,0,0,0.02,0,0,0,0,0.02,0.04
2020-10,13.27,15.39,10.67,7.16,12.79,6.4,0,9.79,3.72,13.97,1.23,4.27,0,0,0.41,0.75,0.08,0,0,0,0.01,0.02,0,0,0.02,0,0,0,0,0.02,0.04
2020-11,12.24,15.22,10.54,6.82,13.35,6.17,0,9.94,3.49,15.4,1.05,4.45,0,0,0.38,0.75,0.08,0,0,0,0.01,0.02,0,0,0.02,0.01,0,0,0,0.02,0.03
2020-12,13.47,14.1,9.69,6.26,13.33,5.7,0,9.93,3.27,17.62,1.11,4.27,0,0,0.35,0.68,0.08,0,0,0,0.01,0.03,0,0,0.02,0.01,0,0,0,0.02,0.03
2021-01,13.05,13.29,9.4,6,14.07,5.44,0.03,9.64,3.16,19.14,1.14,4.43,0,0,0.36,0.66,0.08,0,0,0,0.01,0.02,0,0,0.02,0.01,0,0,0,0.02,0.03
2021-02,13.18,12.88,9.08,5.93,13.95,5.43,0.67,9.83,3,19.53,0.97,4.39,0,0,0.33,0.66,0.06,0,0,0,0.01,0.01,0,0,0.03,0.01,0,0,0,0.02,0.03
2021-03,12.35,12.4,9.26,6.03,13.87,5.42,1.7,9.33,2.97,20.18,0.89,4.46,0,0,0.33,0.62,0.06,0,0,0,0.01,0.02,0,0,0.03,0.01,0,0,0,0.02,0.03
2021-04,13.21,11.62,9,5.75,13.26,5.13,3.86,9.28,2.91,19.49,0.89,4.47,0,0,0.35,0.59,0.07,0,0,0,0.01,0.02,0,0,0.03,0.01,0,0,0,0.02,0.03
2021-05,11.69,11.61,8.79,5.61,13.71,5.13,5.54,8.88,2.79,19.74,1,4.44,0,0,0.32,0.57,0.06,0,0,0,0.01,0.01,0,0,0.03,0.01,0,0,0,0.02,0.03
2021-06,11.47,12.39,8.48,5.23,14.96,5.17,7.97,8.7,2.7,16.84,0.99,3.94,0,0,0.33,0.61,0.07,0,0,0,0,0.01,0.01,0,0.03,0.02,0,0,0,0.02,0.04
2021-07,10.33,11.67,8.49,5.3,15.27,5.18,14.78,8.04,2.53,12.37,0.9,4.1,0,0,0.31,0.59,0.05,0,0,0,0,0,0,0,0.03,0.01,0,0,0,0.01,0.04
2021-08,11.03,11.29,8.2,5.03,15.27,4.97,19.64,7.83,2.44,8.35,0.83,4.07,0,0,0.3,0.57,0.05,0,0,0,0,0,0,0,0.04,0.01,0,0,0,0.01,0.05
2021-09,10.97,10.88,8.07,4.84,15.22,4.96,21.09,7.94,2.36,7.68,0.83,4.08,0,0,0.36,0.56,0.05,0,0,0,0,0,0,0,0.05,0.01,0,0,0,0.01,0.04
2021-10,10.03,10.55,7.88,4.59,15.41,5.13,22.44,8.43,2.29,7.38,0.75,4.03,0,0,0.32,0.55,0.05,0,0,0,0.01,0.01,0,0,0.07,0.01,0,0,0,0.01,0.05
2021-11,9.51,10.41,7.72,4.46,15.86,5.16,23.38,8.61,2.21,6.9,0.72,4.06,0.01,0,0.26,0.55,0.05,0,0,0,0,0,0.01,0,0.06,0.01,0,0,0,0.01,0.06
2021-12,9.16,9.89,7.57,4.35,16.14,4.98,24.87,8.47,2.16,6.62,0.75,4.02,0.02,0,0.28,0.52,0.05,0,0,0.01,0.01,0.01,0,0,0.04,0.01,0,0,0,0.01,0.06
2022-01,9.37,9.4,6.77,3.87,16.13,4.59,26.48,8.03,1.95,7.2,0.72,3.76,0.58,0,0.25,0.51,0.05,0,0,0,0.01,0.02,0,0,0.06,0.17,0.03,0,0,0.01,0.06
2022-02,9.43,8.76,6.45,3.76,15.67,4.28,26.53,8.39,1.82,7.23,0.72,3.44,1.62,0,0.22,0.5,0.04,0,0,0,0,0.02,0,0,0.06,0.04,0.18,0.24,0.22,0.01,0.35
2022-03,8.39,8.76,6.58,3.79,15.67,4.3,28.06,7.65,1.89,6.95,0.7,3.56,1.87,0,0.22,0.49,0.05,0,0.01,0,0,0.02,0,0,0.06,0.11,0.01,0.02,0.01,0.02,0.84
2022-04,7.1,8.98,6.61,3.71,16.33,4.46,27.41,7.79,1.83,6.6,0.68,3.61,2.93,0,0.28,0.49,0.05,0,0.01,0,0,0.01,0.01,0,0.04,0.94,0,0.01,0,0.02,0.11
2022-05,6.97,8.48,6.47,3.69,15.96,4.28,26.34,7.81,1.76,6.5,0.67,3.49,5.78,0,0.25,0.45,0.05,0,0,0,0,0.02,0.01,0,0.04,0.86,0,0,0,0.01,0.09
2022-06,6.87,8.43,6.07,3.4,16.34,4.16,26.09,8.4,1.66,6.58,0.65,3.22,6.61,0,0.27,0.44,0.04,0,0,0,0,0.03,0.01,0,0.04,0.14,0.45,0,0,0.01,0.08
2022-07,6.52,8.27,5.85,3.17,16.98,4.31,24.89,7.49,1.61,6.76,0.59,3.26,8.93,0,0.21,0.45,0.04,0,0,0,0,0.04,0.04,0,0.03,0.03,0.43,0,0,0.01,0.08
2022-08,6.38,8.12,5.71,3.16,17.33,4.29,22.31,7.5,1.6,6.59,0.71,3.23,11.55,0,0.21,0.44,0.04,0,0,0,0,0.07,0.1,0,0.04,0.04,0.4,0,0.07,0.01,0.09
2022-09,6.25,7.77,5.44,2.97,16.69,4.25,21.11,7.23,1.58,6.44,0.72,3.16,13.77,0,0.2,0.45,0.04,0,0,0.01,0.04,0.19,0.84,0,0.06,0.12,0.04,0,0.43,0.01,0.18
2022-10,5.83,7.38,5.16,2.82,16.62,4.13,19.87,7.08,1.42,6.33,0.69,3.12,17.22,0,0.18,0.44,0.03,0,0,0.01,0.06,0.24,0.58,0,0.03,0.08,0.02,0,0.45,0.01,0.2
2022-11,6.04,7.62,5.03,2.79,17.18,4.02,18.16,6.87,1.35,5.89,0.64,3.08,19.5,0.05,0.2,0.45,0.04,0,0,0.01,0.06,0.18,0.11,0,0.03,0.03,0.02,0.39,0.1,0.01,0.14
2022-12,4.68,7.52,4.9,2.79,17.34,4.12,18.34,7.04,1.02,5.82,0.38,3.27,19.31,1.99,0.13,0.32,0.02,0,0,0.02,0.07,0.21,0.02,0,0.03,0.01,0.01,0.48,0.02,0.01,0.13
2023-01,4.3,7.16,4.7,2.62,17.54,3.94,17.85,7.04,0.97,6.99,0.32,3.04,16.86,5.36,0.12,0.31,0.03,0,0,0.01,0.06,0.18,0.11,0,0.04,0.01,0.01,0.22,0.01,0.01,0.18
2023-02,4.12,6.87,4.61,2.45,17.14,3.77,16.79,10.36,0.91,5.27,0.31,2.93,13.14,9.9,0.11,0.31,0.02,0,0,0.01,0.06,0.16,0.03,0,0.05,0.01,0.01,0.03,0.01,0.01,0.59
2023-03,4.07,7.07,4.8,2.52,17.56,3.77,17.1,7.03,0.92,5.47,0.37,3.09,10.61,13.83,0.13,0.33,0.02,0,0,0.03,0.15,0.32,0.14,0,0.03,0.01,0.01,0.02,0.01,0.02,0.54
2023-04,4.91,7.32,4.69,2.89,18.02,3.53,16.32,6.47,1.1,4.86,0.48,3.15,9.25,14.88,0.17,0.36,0.03,0,0,0.03,0.16,0.36,0.74,0,0.02,0.01,0.01,0.01,0.01,0.01,0.21
2023-05,4.78,7.14,2.35,2.86,15.59,2.12,8.3,3.54,1.04,36.84,0.45,1.52,4.81,6.74,0.14,0.32,0.03,0,0,0.02,0.09,0.24,0.79,0,0.03,0.02,0.01,0.01,0.01,0.02,0.18
2023-06,4.14,6.37,4.86,2.58,15.77,1.58,13.59,2.77,0.85,15.33,0.34,6.34,8.63,14.85,0.13,0.32,0.02,0,0,0.04,0.18,0.35,0.36,0,0.02,0.01,0,0.01,0.01,0.01,0.5
2023-07,3.95,6.29,5.91,2.68,17.51,1.59,16.71,1.99,0.88,3.19,0.34,7.37,9.62,20.41,0.14,0.31,0.02,0,0.01,0.02,0.07,0.22,0.04,0,0.03,0.01,0,0.01,0,0.02,0.64
2023-08,3.91,6.22,5.82,2.54,17.56,1.63,16.25,1.9,0.87,3.14,0.35,7.32,9.21,21.45,0.15,0.33,0.02,0,0.01,0.03,0.15,0.34,0.04,0,0.03,0.02,0,0.01,0,0.03,0.68
2023-09,3.71,5.88,5.74,2.54,16.49,1.49,16.01,1.8,0.86,3.09,0.33,7.33,9.3,23.66,0.14,0.33,0.02,0,0,0.03,0.16,0.31,0.03,0,0.02,0.01,0,0,0,0.02,0.66
2023-10,3.7,5.86,5.66,2.42,16.08,1.44,15.64,1.8,0.86,3.31,0.32,7.72,9.88,23.57,0.13,0.3,0.02,0,0,0.03,0.15,0.29,0.03,0,0.02,0.01,0,0,0,0.02,0.7
2023-11,3.65,5.79,5.47,2.35,16.14,1.41,15.62,1.75,0.87,3.4,0.33,7.71,10.47,23.22,0.13,0.28,0.02,0.01,0,0.03,0.16,0.34,0.03,0,0.02,0.01,0,0,0,0.02,0.75
2023-12,3.55,5.55,5.29,2.34,16.99,1.42,15.52,1.69,0.83,3.4,0.34,7.57,10.61,23.08,0.12,0.26,0.02,0.08,0,0.03,0.13,0.3,0.03,0,0.03,0.01,0,0,0,0.02,0.77
2024-01,3.33,5.32,5.09,2.23,16.89,1.44,15.41,1.83,0.74,3.33,0.41,7.58,11.02,23.49,0.12,0.24,0.02,0.47,0,0.02,0.11,0.25,0.03,0,0.03,0.01,0,0,0,0.02,0.57
2024-02,3.1,5.11,4.81,2.04,15.69,1.43,14.7,2.87,0.68,3.06,0.36,9.64,12.4,19.16,0.13,0.22,0.02,3.54,0,0.02,0.1,0.23,0.02,0,0.03,0.02,0,0,0,0.02,0.61
2024-03,2.87,4.92,4.43,1.89,14.48,1.47,20.19,1.53,0.62,2.74,0.21,6.29,12.91,16.2,0.1,0.18,0.02,7.61,0,0.01,0.05,0.16,0.24,0,0.02,0.01,0,0,0,0.01,0.8
2024-04,3.15,5.3,4.89,2.16,16.12,1.32,15.55,1.64,0.68,3.11,0.25,7.02,10.99,11.73,0.13,0.22,0.02,14.78,0,0.01,0.04,0.17,0.02,0,0.02,0.01,0,0,0,0.02,0.66
