"Date","6.0 Marshmallow","10.0","9.0 Pie","7.0 Nougat","11.0","5.1 Lollipop","8.1 Oreo","8.0 Oreo","12.0","7.1 Nougat","4.4 KitKat","13.0","5.0 Lollipop","4.2 Jelly Bean","14.0","4.1 Jelly Bean","4.3 Jelly Bean","2.3 Gingerbread","4.0 Ice Cream Sandwich","2.0 Eclair","27.0","2.2 Froyo","6.1 Marshmallow","Other"
2017-06,34.68,0,0,10.58,0,23.19,0,0.01,0,1.21,14.67,0,7.83,3.29,0,2.04,1.19,0.72,0.51,0,0,0.04,0.02,0.03
2017-07,34.88,0,0,11.32,0,23.02,0,0.01,0,1.36,14.22,0,7.62,3.17,0,1.96,1.16,0.68,0.5,0,0,0.04,0.02,0.03
2017-08,35.21,0,0,13.33,0,22.09,0,0.01,0,1.73,13.26,0,7.27,2.95,0,1.81,1.1,0.69,0.46,0,0,0.05,0.02,0.03
2017-09,34.76,0,0,15.06,0,21.92,0,0.14,0,2.03,12.47,0,6.99,2.77,0,1.68,1.02,0.65,0.42,0,0,0.05,0.02,0.03
2017-10,33.33,0,0,18.22,0,21.25,0,0.24,0,2.79,11.67,0,6.45,2.5,0,1.52,0.92,0.62,0.4,0,0,0.04,0.02,0.03
2017-11,31.88,0,0,20.43,0,20.61,0.01,0.32,0,4,10.96,0,6.1,2.34,0,1.4,0.86,0.61,0.38,0,0,0.04,0.02,0.02
2017-12,30.39,0,0,22.21,0,20.24,0.16,0.33,0,5.18,10.37,0,5.78,2.2,0,1.32,0.8,0.57,0.36,0,0,0.04,0.02,0.02
2018-01,29.23,0,0,23.69,0,19.64,0.3,0.56,0,6.17,9.88,0,5.54,2.08,0,1.25,0.74,0.5,0.34,0,0,0.03,0.02,0.02
2018-02,28.21,0,0,24.75,0,19.29,0.34,1.01,0,6.95,9.46,0,5.26,2,0,1.15,0.71,0.46,0.33,0,0,0.03,0.02,0.02
2018-03,27.18,0,0,25.34,0,18.77,0.4,2.07,0,7.62,8.78,0,4.87,1.83,0,1.06,0.66,0.43,0.35,0.56,0,0.03,0.03,0.02
2018-04,25.82,0,0,24.13,0,18.19,0.64,4.33,0,8.86,8.33,0,4.6,1.72,0,1,0.64,0.43,0.37,0.84,0,0.03,0.03,0.02
2018-05,24.97,0,0,24.21,0,17.26,1.1,5.85,0,10.02,7.66,0,4.22,1.54,0,0.89,0.57,0.36,0.34,0.93,0,0.02,0.03,0.02
2018-06,24.1,0,0,23.46,0,16.17,1.69,8.03,0,10.64,7.27,0,3.98,1.5,0,0.87,0.56,0.37,0.32,0.96,0,0.02,0.04,0.02
2018-07,23.24,0,0,22.05,0,15.42,2.76,10.7,0,11.03,6.72,0,3.76,1.37,0,0.78,0.54,0.32,0.29,0.96,0,0.02,0.02,0.01
2018-08,22.43,0,0,21.26,0,14.54,3.92,12.67,0,10.88,6.37,0,3.61,1.35,0,0.76,0.51,0.29,0.28,1.06,0,0.02,0.02,0.01
2018-09,21.65,0,0,20.22,0,14.03,6.13,14.9,0,10.57,5.76,0,3.38,1.21,0,0.67,0.48,0.29,0.27,0.35,0,0.02,0.02,0.05
2018-10,21.02,0,0,18.28,0,13.71,8.79,16.28,0,10.09,5.6,0,3.33,1.17,0,0.66,0.46,0.27,0.28,0,0,0.01,0.02,0.01
2018-11,20.54,0,0.4,15.71,0,13.94,12.34,14.97,0,9.95,5.54,0,3.36,1.27,0,0.74,0.47,0.32,0.31,0,0.04,0.01,0.02,0.09
2018-12,18.6,0,1.22,13.76,0,12.35,15.71,18.28,0,9.52,4.75,0,2.85,1.09,0,0.63,0.42,0.27,0.24,0,0.09,0.02,0.02,0.19
2019-01,17.54,0,2.33,12.69,0,11.54,16.74,20.23,0,8.84,4.54,0,2.78,1.02,0,0.59,0.42,0.25,0.23,0,0.08,0.02,0.01,0.14
2019-02,16.91,0,4.67,11.93,0,11.02,17.53,19.95,0,8.55,4.25,0,2.6,0.94,0,0.55,0.33,0.22,0.23,0,0.1,0.02,0.01,0.18
2019-03,16.33,0,7.61,11.68,0,10.34,18.29,18.81,0,8.01,4.1,0,2.51,0.83,0,0.49,0.31,0.19,0.22,0,0.1,0.01,0.01,0.17
2019-04,15.95,0,11.23,11.03,0,10.05,18.54,16.56,0,7.62,4.07,0,2.49,0.89,0,0.51,0.33,0.18,0.21,0,0.12,0.01,0.01,0.19
2019-05,15.36,0,14.73,10.65,0,9.63,18.92,14.95,0,7.5,3.8,0,2.34,0.77,0,0.41,0.3,0.15,0.2,0,0.1,0.01,0.01,0.17
2019-06,15.13,0.01,18.58,10.32,0,9.41,18.02,13.32,0,7.23,3.71,0,2.29,0.73,0,0.39,0.3,0.15,0.16,0,0.08,0.01,0.01,0.14
2019-07,14.99,0.01,22.51,10.06,0,9.18,16.84,11.47,0,7.28,3.58,0,2.33,0.63,0,0.34,0.28,0.13,0.13,0,0.08,0.01,0.01,0.14
2019-08,13.95,0.02,27.71,9.16,0,8.63,16.53,10.45,0,6.76,3.35,0,2.1,0.43,0,0.22,0.22,0.12,0.09,0,0.07,0.01,0.01,0.16
2019-09,13.39,0.19,32.62,8.56,0,7.82,16.05,9.58,0,6.18,2.73,0,1.83,0.31,0,0.15,0.17,0.1,0.07,0,0.07,0.01,0.01,0.16
2019-10,13.3,0.55,35.2,8.05,0,6.83,14.56,9.97,0,5.52,2.35,0,2.77,0.28,0,0.13,0.16,0.08,0.07,0,0.05,0.01,0.01,0.1
2019-11,12.05,0.96,39.17,7.89,0,6.67,14.33,8.68,0,5.46,2.34,0,1.6,0.27,0,0.12,0.17,0.06,0.06,0,0.05,0.01,0.01,0.09
2019-12,11.18,2.1,41.88,7.36,0,6.04,13.52,8.47,0,5.12,2.16,0,1.46,0.26,0,0.12,0.15,0.05,0.05,0,0.03,0.01,0.01,0.06
2020-01,10.6,4.95,41.85,7.03,0,5.69,12.6,8.17,0,4.8,2.16,0,1.41,0.26,0,0.12,0.15,0.06,0.06,0,0.01,0.01,0.01,0.04
2020-02,9.99,7.83,41.2,6.67,0,5.38,12.15,7.94,0,4.58,2.08,0,1.34,0.31,0,0.16,0.16,0.05,0.07,0,0.01,0.01,0.01,0.06
2020-03,9.36,12.44,38.54,6.42,0,5.2,11.81,7.62,0,4.39,2.03,0,1.27,0.34,0,0.19,0.16,0.05,0.09,0,0.02,0,0.01,0.08
2020-04,8.72,16.11,37.38,6.24,0,4.83,11.28,7.36,0,4.3,1.86,0,1.21,0.27,0,0.15,0.13,0,0.06,0,0.01,0,0.01,0.07
2020-05,8.73,18.67,34.62,6.19,0,4.93,11.61,7.14,0,4.4,1.83,0,1.22,0.23,0,0.13,0.13,0,0.05,0,0.02,0,0.01,0.09
2020-06,8.43,22.04,32.41,6.11,0.02,4.75,11.46,6.98,0,4.17,1.79,0,1.18,0.23,0,0.14,0.12,0,0.06,0,0.01,0,0.01,0.07
2020-07,8.13,25.3,30.38,5.79,0.02,4.59,11.48,6.77,0,4.04,1.72,0,1.15,0.23,0,0.13,0.11,0,0.05,0,0.02,0,0,0.08
2020-08,7.87,29.02,28.17,5.55,0.01,4.39,11.19,6.54,0,3.88,1.68,0,1.12,0.22,0,0.13,0.11,0,0.05,0,0,0,0,0.05
2020-09,7.39,33.27,26.01,5.16,0.16,4.14,10.94,6.15,0,3.68,1.49,0,1.1,0.19,0,0.11,0.1,0,0.05,0,0,0,0,0.06
2020-10,6.96,36.7,24.15,4.98,0.57,3.95,10.37,5.94,0,3.46,1.46,0,0.96,0.19,0,0.1,0.1,0,0.04,0,0,0,0,0.07
2020-11,6.5,40,22.39,4.81,0.8,3.89,9.47,5.92,0,3.38,1.43,0,0.9,0.18,0,0.11,0.1,0,0.04,0,0,0,0,0.08
2020-12,5.97,42.16,21.55,4.36,1.36,3.6,9.96,5.21,0,3.12,1.36,0,0.82,0.18,0,0.08,0.12,0,0.04,0,0,0,0,0.08
2021-01,5.6,43.13,20.65,4.13,2.95,3.37,9.59,5.01,0,2.99,1.32,0,0.77,0.18,0,0.08,0.11,0,0.04,0,0,0,0,0.09
2021-02,5.4,41.95,19.87,3.94,5.86,3.3,9.46,4.75,0,2.94,1.29,0,0.74,0.17,0,0.07,0.13,0,0.04,0,0,0,0,0.08
2021-03,5.18,40.49,19.12,3.86,8.95,3.18,9.35,4.56,0,2.89,1.24,0,0.7,0.16,0,0.07,0.12,0,0.04,0,0,0,0,0.07
2021-04,5.01,38.63,18.02,4.07,12.44,3.1,9.17,4.35,0,2.75,1.25,0,0.7,0.16,0,0.07,0.14,0,0.04,0,0,0,0,0.08
2021-05,4.78,36.99,17.34,4.67,15.11,2.91,9.11,4.15,0,2.65,1.16,0,0.66,0.16,0,0.08,0.1,0,0.04,0,0,0,0,0.08
2021-06,4.63,35.91,17.03,4.24,17.5,2.86,9.06,3.98,0,2.65,1.11,0,0.61,0.14,0,0.07,0.08,0,0.04,0,0,0,0,0.09
2021-07,4.38,34.13,16.45,4.09,21.07,2.71,8.77,3.83,0.01,2.57,1.01,0,0.58,0.13,0,0.06,0.08,0,0.04,0,0,0,0,0.09
2021-08,4.03,31.81,15.18,3.68,26.85,2.5,8.07,3.55,0.01,2.33,1,0,0.55,0.12,0,0.06,0.1,0,0.04,0,0,0,0,0.1
2021-09,3.81,30.02,14.77,3.3,30.13,2.35,8.03,3.44,0.02,2.23,0.97,0,0.51,0.12,0,0.05,0.1,0,0.03,0,0,0,0,0.1
2021-10,3.67,28.57,14.27,3.04,33.32,2.16,7.71,3.34,0.06,2.11,0.88,0,0.48,0.11,0,0.05,0.08,0,0.03,0,0,0,0.01,0.1
2021-11,3.36,27.7,13.9,3.24,34.7,2.06,7.44,3.23,0.67,2.02,0.85,0,0.46,0.1,0,0.04,0.08,0,0.03,0,0,0,0.01,0.09
2021-12,3.31,27,13.46,3.2,35.37,1.97,7.06,3.12,1.88,1.96,0.8,0,0.46,0.09,0,0.05,0.08,0,0.03,0,0,0,0,0.13
2022-01,2.98,25.5,12.58,2.89,37.6,1.85,6.54,2.9,3.72,1.82,0.78,0,0.42,0.09,0,0.04,0.09,0.01,0.04,0,0,0.01,0,0.13
2022-02,2.83,24.11,11.95,2.68,36.97,1.79,6.32,2.71,7.34,1.71,0.78,0,0.41,0.09,0,0.04,0.1,0,0.04,0,0,0,0,0.13
2022-03,2.73,23.8,11.76,2.73,35.62,1.7,6.27,2.73,9.5,1.65,0.72,0,0.41,0.09,0,0.04,0.08,0,0.04,0,0,0,0,0.13
2022-04,2.57,23.26,11.54,2.86,34.63,1.6,5.9,2.8,11.77,1.63,0.68,0,0.39,0.08,0,0.04,0.06,0,0.04,0,0,0,0,0.14
2022-05,2.53,22.56,11.33,2.81,33.04,1.54,5.89,2.76,14.67,1.54,0.66,0,0.34,0.07,0,0.04,0.05,0,0.03,0,0,0,0,0.13
2022-06,2.45,21.92,11.05,2.64,31.62,1.51,5.89,2.61,17.59,1.49,0.59,0,0.32,0.07,0,0.04,0.05,0,0.03,0,0,0,0,0.12
2022-07,2.32,21.8,10.74,2.62,29.63,1.4,5.59,2.62,20.68,1.42,0.52,0.01,0.33,0.06,0,0.06,0.05,0,0.04,0,0,0,0,0.12
2022-08,2.25,20.98,10.54,2.68,27.96,1.32,5.48,2.6,23.58,1.35,0.53,0.07,0.31,0.07,0,0.06,0.06,0,0.04,0,0,0.01,0,0.12
2022-09,2.11,20.15,10.04,2.44,27.37,1.26,5.35,2.38,26.02,1.29,0.51,0.45,0.28,0.07,0,0.04,0.06,0,0.04,0.01,0,0.01,0,0.13
2022-10,1.98,19.12,9.46,2.51,26.13,1.19,5.1,2.18,29.36,1.21,0.49,0.68,0.27,0.06,0,0.04,0.06,0,0.03,0.01,0,0.01,0,0.13
2022-11,1.92,18.56,9.17,2.42,25.17,1.23,5.11,2.06,30.06,1.23,0.46,2.03,0.25,0.06,0,0.04,0.06,0,0.03,0,0,0.01,0,0.12
2022-12,1.81,18.37,8.72,2.41,23.61,1.21,4.91,1.86,28.22,1.21,0.41,6.79,0.19,0.03,0,0.02,0.05,0,0.03,0.01,0,0.02,0,0.11
2023-01,1.7,17.75,8.61,2.24,23.03,1.14,4.9,1.77,25.1,1.17,0.33,11.84,0.18,0.03,0,0.02,0.05,0,0.03,0.01,0,0.01,0,0.11
2023-02,1.65,17.65,8.55,2.11,22.46,1.11,5.01,1.68,23.53,1.13,0.31,14.4,0.17,0.03,0,0.01,0.04,0,0.02,0,0,0.01,0,0.11
2023-03,1.58,17.16,8.32,2,21.69,1.08,4.72,1.67,22.2,1.11,0.31,17.7,0.18,0.03,0,0.02,0.06,0,0.03,0.01,0,0.01,0,0.12
2023-04,1.67,16.65,8.07,2.19,21.06,1.16,4.69,1.66,20.81,1.12,0.36,19.98,0.25,0.04,0,0.02,0.06,0.01,0.03,0.01,0,0.01,0.01,0.15
2023-05,1.69,47.84,5.17,1.64,12.85,1.12,3.29,1.07,11.65,0.79,0.34,12.01,0.19,0.03,0,0.02,0.08,0.01,0.02,0,0,0.01,0,0.16
2023-06,1.63,22.9,6.79,1.89,17.89,1.06,2.86,2.76,17.98,0.63,0.3,22.57,0.36,0.03,0.01,0.02,0.08,0,0.03,0,0,0.01,0,0.15
2023-07,1.64,9.27,7.55,1.88,19.98,0.98,2.78,3.21,20.58,0.61,0.3,30.33,0.53,0.03,0.01,0.05,0.04,0,0.03,0,0,0.01,0,0.16
2023-08,1.56,9.01,7.29,1.85,19.35,0.95,2.64,3.14,19.61,0.56,0.31,33.07,0.3,0.03,0.01,0.04,0.04,0.01,0.02,0,0,0.01,0,0.18
2023-09,1.48,9.07,7.01,1.81,18.73,0.89,2.5,3.07,18.93,0.52,0.31,34.92,0.43,0.03,0.03,0.02,0.04,0.01,0.02,0.01,0,0.02,0,0.16
2023-10,1.57,9.35,6.63,1.64,17.81,0.9,2.32,3.14,18.26,0.48,0.3,36.46,0.5,0.03,0.35,0.02,0.04,0,0.02,0,0,0.04,0,0.15
2023-11,1.4,9.17,6.36,1.48,17.36,0.89,2.22,2.95,18.02,0.46,0.3,37.63,0.32,0.03,1.15,0.01,0.04,0.01,0.02,0,0,0.02,0,0.17
2023-12,1.4,8.96,6.2,1.41,17.09,0.87,2.21,2.89,17.67,0.45,0.29,35.44,0.19,0.03,4.68,0.02,0.04,0.01,0.02,0,0,0.01,0,0.14
2024-01,1.35,8.83,6,1.46,16.51,0.83,2.1,2.85,17.35,0.44,0.26,32.27,0.19,0.03,9.3,0.02,0.04,0.01,0.02,0,0,0.01,0,0.14
2024-02,1.4,8.94,6,1.42,16.56,0.84,2.12,3.04,17.05,0.45,0.24,28.83,0.3,0.03,12.58,0.01,0.03,0,0.01,0,0,0.01,0,0.14
2024-03,1.35,8.82,5.66,1.45,16.19,0.84,1.92,3.01,16.97,0.44,0.24,26.26,0.33,0.02,16.28,0.01,0.04,0.01,0.01,0,0,0.01,0,0.14
2024-04,1.36,8.54,5.49,1.32,15.32,0.81,1.76,2.95,16.42,0.43,0.25,24.42,0.31,0.02,20.38,0.02,0.04,0.01,0.01,0,0,0.01,0,0.13
