"Date","iOS 10.3","iOS 13.3","iOS 12.1","iOS 11.2","iOS 11.4","iOS 14.4","iOS 12.4","iOS 15.6","iOS 16.1","iOS 16.3","iOS 12.3","iOS 16.6","iOS 11.0","iOS 15.5","iOS 14.7","iOS 11.3","iOS 14.6","iOS 13.1","iOS 13.5","iOS 12.2","iOS 14.8","iOS 14.2","iOS 16.0","iOS 11.1","iOS 12.0","iOS 15.4","iOS 15.1","iOS 15.3","iOS 13.6","iOS 16.5","iOS 13.4","iOS 16.2","iOS 10.2","iOS 14.3","iOS 17.1","iOS 14.0","iOS 13.7","iOS 15.7","iOS 15.2","iOS 16.4","iOS 17.3","iOS 15.0","iOS 17.2","iOS 12.5","iOS 9.3","iOS 14.1","iOS 13.2","iOS 17.0","iOS 17.4","iOS 16.7","iOS 14.5","iOS 10.1","iOS 10.0","iOS 7.1","iOS 15.8","iOS 13.0","iOS 6.0","iOS 9.2","iOS 9.1","iOS 6.1","iOS 8.1","iOS 8.4","iOS 7.0","iOS 9.0","iOS 8.3","iOS 8.0","iOS 4.3","iOS 8.2","iOS 5.0","iOS 5.1","Other"
2017-06,69.83,0,0,0,0,0,0,0,0,0,0,0,0.42,0,0,0,0,0,0,0,0,0,0,0,0,0,0,0,0,0,0,0,13.05,0,0,0,0,0,0,0,0,0,0,0,5.12,0,0,0,0,0,0,3.04,2.8,1.66,0,0,0.08,0.86,0.46,0.3,0.49,0.5,0.29,0.26,0.36,0.16,0.03,0.13,0.06,0.04,0.05
2017-07,71.9,0,0,0,0,0,0,0,0,0,0,0,0.5,0,0,0,0,0,0,0,0,0,0,0,0,0,0,0,0,0,0,0,11.64,0,0,0,0,0,0,0,0,0,0,0,4.87,0,0,0,0,0,0,2.82,2.6,1.58,0,0,0.12,0.81,0.46,0.37,0.47,0.46,0.32,0.25,0.35,0.16,0.04,0.12,0.05,0.04,0.06
2017-08,75.71,0,0,0,0,0,0,0,0,0,0,0,0.69,0,0,0,0,0,0,0,0,0,0,0,0,0,0,0,0,0,0,0,9.52,0,0,0,0,0,0,0,0,0,0,0,4.31,0,0,0,0,0,0,2.36,2.21,1.38,0,0,0.07,0.71,0.41,0.32,0.41,0.39,0.55,0.22,0.3,0.13,0.03,0.11,0.06,0.07,0.04
2017-09,71.75,0,0,0,0,0,0,0,0,0,0,0,7.36,0,0,0,0,0,0,0,0,0,0,0.01,0,0,0,0,0,0,0,0,7.94,0,0,0,0,0,0,0,0,0,0,0,3.98,0,0,0,0,0,0,2.07,1.99,1.35,0,0,0.07,0.64,0.39,0.26,0.37,0.35,0.54,0.2,0.27,0.15,0.03,0.1,0.06,0.06,0.06
2017-10,35.98,0,0,0,0,0,0,0,0,0,0,0,45.57,0,0,0,0,0,0,0,0,0,0,0.55,0,0,0,0,0,0,0,0,6.38,0,0,0,0,0,0,0,0,0,0,0,3.64,0,0,0,0,0,0,1.79,1.76,1.24,0,0,0.05,0.62,0.34,0.2,0.36,0.31,0.37,0.18,0.24,0.14,0.03,0.09,0.06,0.05,0.06
2017-11,21.89,0,0,0.42,0,0,0,0,0,0,0,0,31.73,0,0,0,0,0,0,0,0,0,0,30.47,0,0,0,0,0,0,0,0,5.32,0,0,0,0,0,0,0,0,0,0,0,3.32,0,0,0,0,0,0,1.52,1.44,1.1,0,0,0.05,0.51,0.31,0.2,0.3,0.27,0.41,0.17,0.21,0.1,0.03,0.08,0.06,0.05,0.07
2017-12,16.62,0,0,23.27,0,0,0,0,0,0,0,0,10.27,0,0,0,0,0,0,0,0,0,0,36.45,0,0,0,0,0,0,0,0,4.35,0,0,0,0,0,0,0,0,0,0,0,3.01,0,0,0,0,0,0,1.29,1.18,0.99,0,0,0.05,0.46,0.26,0.19,0.27,0.25,0.38,0.15,0.18,0.12,0.03,0.07,0.06,0.05,0.06
2018-01,13.36,0,0,56.96,0,0,0,0,0,0,0,0,6.68,0,0,0.03,0,0,0,0,0,0,0,11.46,0,0,0,0,0,0,0,0,3.75,0,0,0,0,0,0,0,0,0,0,0,2.73,0,0,0,0,0,0,1.12,1.01,0.88,0,0,0.05,0.4,0.23,0.11,0.23,0.22,0.17,0.13,0.16,0.11,0.03,0.06,0.04,0.03,0.06
2018-02,11.34,0,0,65.41,0,0,0,0,0,0,0,0,5.03,0,0,0.35,0,0,0,0,0,0,0,7.51,0,0,0,0,0,0,0,0,3.3,0,0,0,0,0,0,0,0,0,0,0,2.47,0,0,0,0,0,0,1,0.9,0.82,0,0,0.1,0.35,0.21,0.12,0.21,0.19,0.13,0.12,0.14,0.1,0.03,0.05,0.04,0.03,0.04
2018-03,9.65,0,0,70.94,0,0,0,0,0,0,0,0,3.95,0,0,0.64,0,0,0,0,0,0,0,5.54,0,0,0,0,0,0,0,0,2.96,0,0,0,0,0,0,0,0,0,0,0,2.16,0,0,0,0,0,0,0.9,0.81,0.67,0,0,0.06,0.32,0.21,0.12,0.2,0.18,0.18,0.12,0.13,0.1,0.02,0.05,0.04,0.03,0.03
2018-04,8.74,0,0,39.92,0.11,0,0,0,0,0,0,0,3.24,0,0,35.02,0,0,0,0,0,0,0,4.1,0,0,0,0,0,0,0,0,2.56,0,0,0,0,0,0,0,0,0,0,0,2.17,0,0,0,0,0,0,0.84,0.75,0.69,0,0,0.1,0.32,0.24,0.13,0.21,0.2,0.13,0.13,0.13,0.08,0.03,0.05,0.05,0.02,0.03
2018-05,7.67,0,0,17.45,0.43,0,0,0,0,0,0,0,2.71,0,0,60.15,0,0,0,0,0,0,0,3.43,0,0,0,0,0,0,0,0,2.31,0,0,0,0,0,0,0,0,0,0,0,1.97,0,0,0,0,0,0,0.76,0.67,0.6,0,0,0.18,0.29,0.22,0.15,0.2,0.17,0.13,0.12,0.12,0.08,0.03,0.05,0.06,0.02,0.03
2018-06,6.91,0,0,11.76,35.17,0,0,0,0,0,0,0,2.28,0,0,33.28,0,0,0,0,0,0,0,2.82,0.23,0,0,0,0,0,0,0,2.04,0,0,0,0,0,0,0,0,0,0,0,1.84,0,0,0,0,0,0,0.76,0.59,0.6,0,0,0.15,0.26,0.18,0.14,0.18,0.16,0.14,0.11,0.11,0.1,0.02,0.05,0.06,0.02,0.03
2018-07,6.13,0,0,8.93,61.39,0,0,0,0,0,0,0,2.07,0,0,11.76,0,0,0,0,0,0,0,2.4,0.52,0,0,0,0,0,0,0,1.82,0,0,0,0,0,0,0,0,0,0,0,1.66,0,0,0,0,0,0,0.62,0.52,0.56,0,0,0.18,0.24,0.14,0.16,0.16,0.15,0.14,0.1,0.1,0.08,0.03,0.04,0.05,0.02,0.04
2018-08,5.57,0,0,7.24,68.49,0,0,0,0,0,0,0,2.2,0,0,7.59,0,0,0,0,0,0,0,2.15,0.61,0,0,0,0,0,0,0,1.65,0,0,0,0,0,0,0,0,0,0,0,1.53,0,0,0,0,0,0,0.56,0.47,0.54,0,0,0.15,0.21,0.14,0.14,0.14,0.13,0.11,0.09,0.09,0.07,0.02,0.04,0.02,0.02,0.02
2018-09,4.9,0,0.1,5.9,66.42,0,0,0,0,0,0,0,1.95,0,0,5.52,0,0,0,0,0,0,0,1.76,8.06,0,0,0,0,0,0,0,1.47,0,0,0,0,0,0,0,0,0,0,0,1.37,0,0,0,0,0,0,0.5,0.43,0.47,0,0,0.09,0.19,0.13,0.1,0.12,0.11,0.08,0.08,0.08,0.07,0.02,0.03,0.02,0.02,0.02
2018-10,4.28,0,0.58,4.7,26.33,0,0,0,0,0,0,0,1.73,0,0,3.99,0,0,0,0,0,0,0,1.41,52.19,0,0,0,0,0,0,0,1.3,0,0,0,0,0,0,0,0,0,0,0,1.23,0,0,0,0,0,0,0.43,0.38,0.44,0,0,0.06,0.17,0.14,0.08,0.1,0.11,0.07,0.07,0.07,0.05,0.02,0.03,0.02,0.02,0.02
2018-11,3.79,0,32.21,3.72,15.6,0,0,0,0,0,0,0,1.62,0,0,3.12,0,0,0,0,0,0,0,1.12,34.23,0,0,0,0,0,0,0,1.2,0,0,0,0,0,0,0,0,0,0,0,1.12,0,0,0,0,0,0,0.39,0.34,0.43,0,0,0.14,0.17,0.13,0.13,0.09,0.1,0.07,0.06,0.06,0.06,0.02,0.02,0.01,0.02,0.02
2018-12,3.56,0,59.98,3.11,11.44,0,0,0,0,0,0,0,1.38,0,0,2.54,0,0,0,0,0,0,0,0.98,12.84,0,0,0,0,0,0,0,1.1,0,0,0,0,0,0,0,0,0,0,0,1.05,0,0,0,0,0,0,0.36,0.31,0.41,0,0,0.08,0.15,0.13,0.08,0.08,0.09,0.07,0.06,0.06,0.06,0.02,0.02,0.01,0.02,0.02
2019-01,3.1,0,71.14,2.63,8.8,0,0,0,0,0,0,0,1.16,0,0,2.12,0,0,0,0.02,0,0,0,0.83,6.26,0,0,0,0,0,0,0,0.91,0,0,0,0,0,0,0,0,0,0,0,0.96,0,0,0,0,0,0,0.31,0.28,0.43,0,0,0.11,0.16,0.13,0.09,0.09,0.1,0.07,0.07,0.06,0.06,0.01,0.03,0.01,0.01,0.02
2019-02,2.78,0,75.36,2.29,7.37,0,0,0,0,0,0,0,1.43,0,0,1.85,0,0,0,0.27,0,0,0,0.71,4.59,0,0,0,0,0,0,0,0.86,0,0,0,0,0,0,0,0,0,0,0,0.81,0,0,0,0,0,0,0.28,0.25,0.35,0,0,0.06,0.12,0.13,0.06,0.07,0.07,0.06,0.05,0.05,0.05,0.01,0.02,0.01,0.02,0.02
2019-03,2.54,0,78.35,2,6.07,0,0,0,0,0,0.01,0,1.49,0,0,1.65,0,0,0,0.97,0,0,0,0.64,3.23,0,0,0,0,0,0,0,0.74,0,0,0,0,0,0,0,0,0,0,0,0.75,0,0,0,0,0,0,0.25,0.24,0.28,0,0,0.04,0.11,0.14,0.06,0.06,0.07,0.05,0.05,0.04,0.07,0.01,0.02,0.01,0.02,0.02
2019-04,2.39,0,35.33,1.78,5.15,0,0,0,0,0,0.24,0,1.05,0,0,1.43,0,0,0,46.26,0,0,0,0.58,2.54,0,0,0,0,0,0,0,0.68,0,0,0,0,0,0,0,0,0,0,0,0.73,0,0,0,0,0,0,0.23,0.22,0.31,0,0,0.03,0.11,0.13,0.05,0.07,0.07,0.06,0.05,0.04,0.4,0.02,0.02,0.01,0.02,0.02
2019-05,2.19,0,14.06,1.69,4.38,0,0.06,0,0,0,3.96,0,1,0,0,1.4,0,0,0,65.79,0,0,0,0.52,2.04,0,0,0,0,0,0,0,0.62,0,0,0,0,0,0,0,0,0,0,0,0.67,0,0,0,0,0,0,0.21,0.19,0.24,0,0,0.24,0.11,0.14,0.1,0.07,0.07,0.04,0.05,0.04,0.04,0.02,0.02,0.01,0.01,0.03
2019-06,2.05,0,9.26,1.62,3.81,0,0.24,0,0,0,55.41,0,0.83,0,0,1.09,0,0,0,20.33,0,0,0,0.48,1.59,0,0,0,0,0,0,0,0.55,0,0,0,0,0,0,0,0,0,0,0,0.67,0,0,0,0,0,0,0.19,0.18,0.23,0,0.12,0.63,0.1,0.13,0.14,0.06,0.06,0.04,0.05,0.04,0.02,0.02,0.01,0.01,0.02,0.04
2019-07,1.94,0,6.7,1.48,3.31,0,1.24,0,0,0,70.93,0,0.76,0,0,0.97,0,0,0,6.7,0,0,0,0.44,1.34,0,0,0,0,0,0,0,0.53,0,0,0,0,0,0,0,0,0,0,0,0.64,0,0,0,0,0,0,0.18,0.17,0.2,0,0.55,1.15,0.09,0.11,0.23,0.05,0.06,0.03,0.07,0.03,0.02,0.02,0.01,0.01,0.02,0.02
2019-08,1.82,0,5.54,1.32,2.96,0,37.37,0,0,0,39.23,0,0.7,0,0,0.88,0,0.03,0,4.54,0,0,0,0.39,1.2,0,0,0,0,0,0,0,0.48,0,0,0,0,0,0,0,0,0,0,0,0.61,0,0,0,0,0,0,0.16,0.16,0.2,0,0.72,0.9,0.09,0.2,0.18,0.05,0.05,0.04,0.05,0.03,0.02,0.02,0.01,0.01,0.02,0.01
2019-09,1.59,0,4.24,1.13,2.59,0,64.86,0,0,0,10.59,0,0.67,0,0,0.76,0,2.92,0,2.88,0,0,0,0.36,0.98,0,0,0,0,0,0,0,0.45,0,0,0,0,0,0,0,0,0,0,0,0.53,0,0,0,0,0,0,0.15,0.14,0.15,0,3.82,0.52,0.09,0.17,0.12,0.04,0.05,0.04,0.05,0.03,0.02,0.02,0.01,0.01,0.02,0.01
2019-10,1.46,0,2.84,0.99,1.98,0,28.31,0,0,0,4.83,0,4.47,0,0,0.62,0,46.54,0,1.69,0,0,0,0.32,0.71,0,0,0,0,0,0,0,0.38,0,0,0,0,0,0,0,0,0,0,0,0.46,0,0.84,0,0,0,0,0.13,0.12,0.14,0,2.5,0.12,0.08,0.14,0.05,0.04,0.04,0.04,0.05,0.02,0.02,0.02,0.01,0.01,0.01,0.01
2019-11,1.32,0.36,2.33,0.91,1.7,0,16.55,0,0,0,3.47,0,0.51,0,0,0.54,0,51.41,0,1.32,0,0,0,0.29,0.6,0,0,0,0,0,0,0,0.34,0,0,0,0,0,0,0,0,0,0,0,0.43,0,14.71,0,0,0,0,0.12,0.11,0.13,0,1.51,0.79,0.08,0.1,0.17,0.03,0.04,0.03,0.04,0.02,0.02,0.01,0.01,0.01,0.01,0.01
2019-12,1.13,26.93,1.99,0.73,1.45,0,14.05,0,0,0,2.89,0,0.45,0,0,0.46,0,31.34,0,1.12,0,0,0,0.24,0.54,0,0,0,0,0,0,0,0.29,0,0,0,0,0,0,0,0,0,0,0,0.37,0,13.65,0,0,0,0,0.1,0.09,0.11,0,1.17,0.46,0.07,0.07,0.1,0.03,0.03,0.02,0.03,0.02,0.01,0.01,0.01,0.01,0.01,0.01
2020-01,1.03,69.76,1.59,0.65,1.23,0,9.62,0,0,0,1.91,0,0.39,0,0,0.41,0,6.54,0,0.82,0,0,0,0.21,0.46,0,0,0,0,0,0,0,0.24,0,0,0,0,0,0,0,0,0,0,0,0.35,0,3.03,0,0,0,0,0.09,0.08,0.12,0,0.65,0.41,0.06,0.07,0.09,0.03,0.03,0.02,0.03,0.02,0.01,0.01,0.01,0.01,0.01,0.01
2020-02,0.96,75.89,1.39,0.6,1.07,0,8.19,0,0,0,1.52,0,0.36,0,0,0.37,0,4.02,0,0.69,0,0,0,0.2,0.42,0,0,0,0,0,0.23,0,0.24,0,0,0,0,0,0,0,0,0,0,0,0.29,0,2.05,0,0,0,0,0.09,0.08,0.09,0,0.51,0.37,0.06,0.07,0.08,0.02,0.02,0.02,0.03,0.02,0.01,0.01,0.01,0.01,0.01,0.01
2020-03,0.87,79.09,1.16,0.52,0.93,0,7.18,0,0,0,1.2,0,0.32,0,0,0.32,0,2.75,0,0.58,0,0,0,0.17,0.36,0,0,0,0,0,1.38,0,0.21,0,0,0,0,0,0,0,0,0,0,0,0.24,0,1.48,0,0,0,0,0.07,0.07,0.09,0,0.39,0.32,0.04,0.04,0.07,0.02,0.01,0.01,0.03,0.01,0.01,0.02,0,0.01,0.01,0.01
2020-04,0.76,70.65,1.14,0.46,0.88,0,7.2,0,0,0,1.15,0,0.28,0,0,0.3,0,2.36,0,0.66,0,0,0,0.16,0.37,0,0,0,0,0,10.96,0,0.17,0,0,0,0,0,0,0,0,0,0,0,0.22,0,1.33,0,0,0,0,0.06,0.05,0.08,0,0.34,0.16,0.04,0.04,0.04,0.02,0.01,0.01,0.03,0.01,0.01,0.01,0,0.01,0.01,0.01
2020-05,0.81,37.55,1.25,0.46,0.96,0,8.35,0,0,0,1.24,0,0.31,0,0,0.33,0,2.1,2.35,0.69,0,0,0,0.16,0.42,0,0,0,0,0,40.43,0,0.17,0,0,0,0,0,0,0,0,0,0,0,0.25,0,1.18,0,0,0,0,0.07,0.06,0.1,0,0.31,0.15,0.04,0.06,0.04,0.02,0.02,0.01,0.03,0.01,0.01,0.01,0.01,0.01,0.01,0.01
2020-06,0.81,13.21,1.23,0.5,0.92,0,8.27,0,0,0,1.11,0,0.31,0,0,0.35,0,1.8,38.16,0.62,0,0,0,0.15,0.39,0,0,0,0.12,0,29.74,0,0.17,0,0,0.08,0,0,0,0,0,0,0,0,0.26,0,1,0,0,0,0,0.06,0.06,0.12,0,0.26,0.04,0.04,0.06,0.02,0.02,0.01,0.01,0.03,0.01,0.02,0.02,0,0.01,0.01,0.01
2020-07,0.79,7.48,1.04,0.43,0.84,0,7.96,0,0,0,0.96,0,0.31,0,0,0.31,0,1.42,66.96,0.5,0,0,0,0.14,0.34,0,0,0,3.09,0,4.74,0,0.16,0,0,0.68,0,0,0,0,0,0,0,0,0.26,0,0.81,0,0,0,0,0.07,0.05,0.11,0,0.22,0.02,0.05,0.08,0.02,0.02,0.01,0.01,0.03,0.02,0.02,0.02,0.01,0.01,0.01,0.01
2020-08,0.73,5.77,1,0.42,0.75,0,7.6,0,0,0,0.86,0,0.28,0,0,0.29,0,1.26,27.25,0.45,0,0,0,0.13,0.32,0,0,0,47.05,0,3.12,0,0.15,0,0,0.94,0,0,0,0,0,0,0,0,0.23,0,0.69,0,0,0,0,0.06,0.05,0.11,0,0.19,0.02,0.04,0.06,0.02,0.02,0.01,0.01,0.03,0.02,0.04,0.02,0,0.01,0.01,0.01
2020-09,0.67,4.25,0.85,0.35,0.65,0,7.05,0,0,0,0.73,0,0.25,0,0,0.26,0,1.05,6.87,0.39,0,0.1,0,0.12,0.28,0,0,0,34.72,0,2,0,0.13,0,0,11.36,26.51,0,0,0,0,0,0,0,0.2,0,0.58,0,0,0,0,0.05,0.04,0.09,0,0.16,0.02,0.03,0.06,0.02,0.01,0.01,0.01,0.03,0.01,0.04,0.01,0,0.01,0.01,0.01
2020-10,0.58,3.36,0.74,0.31,0.56,0,6.29,0,0,0,0.62,0,0.22,0,0,0.23,0,0.85,4.49,0.33,0,0.49,0,0.1,0.24,0,0,0,10.2,0,1.51,0,0.11,0,0,34.76,30.63,0,0,0,0,0,0,0,0.17,2.14,0.47,0,0,0,0,0.04,0.04,0.08,0,0.13,0.02,0.03,0.08,0.01,0.01,0.01,0.01,0.02,0.01,0.04,0.02,0,0.01,0.01,0
2020-11,0.52,2.86,0.7,0.31,0.5,0,5.66,0,0,0,0.57,0,0.23,0,0,0.22,0,0.73,3.41,0.3,0,19.8,0,0.1,0.22,0,0,0,6.26,0,1.28,0,0.11,0.13,0,11.5,9.6,0,0,0,0,0,0,0,0.15,33.93,0.42,0,0,0,0,0.04,0.04,0.07,0,0.12,0.02,0.03,0.06,0.01,0.01,0.01,0.01,0.02,0.01,0.01,0.02,0,0.01,0.01,0
2020-12,0.46,2.32,0.54,0.23,0.44,0.09,4.97,0,0,0,0.48,0,0.22,0,0,0.18,0,0.62,2.49,0.26,0,60.87,0,0.08,0.18,0,0,0,4.05,0,1.02,0,0.09,4,0,5.36,4.27,0,0,0,0,0,0,0.14,0.14,5.16,0.39,0,0,0,0,0.04,0.03,0.07,0,0.1,0.37,0.02,0.07,0.17,0.01,0.01,0.01,0.02,0.01,0.01,0.02,0,0.01,0.01,0
2021-01,0.43,2.03,0.47,0.21,0.4,1.3,3.79,0,0,0,0.43,0,0.21,0,0,0.16,0,0.56,2.09,0.22,0,30.19,0,0.08,0.16,0,0,0,3.21,0,0.89,0,0.08,40.8,0,3.96,2.99,0,0,0,0,0,0,0.94,0.13,3.18,0.35,0,0,0,0,0.03,0.03,0.07,0,0.09,0.22,0.02,0.05,0.11,0.01,0.01,0.01,0.02,0.01,0.01,0.02,0,0.01,0,0.01
2021-02,0.42,1.73,0.41,0.18,0.35,48.23,1.8,0,0,0,0.37,0,0.25,0,0,0.15,0,0.5,1.68,0.2,0,7.03,0,0.07,0.15,0,0,0,2.35,0,0.74,0,0.14,22.38,0,2.7,1.89,0,0,0,0,0,0,2.6,0.13,1.81,0.29,0,0,0,0.23,0.03,0.02,0.07,0,0.08,0.57,0.02,0.04,0.27,0.01,0.01,0.01,0.02,0.01,0.01,0.02,0,0.01,0.01,0.01
2021-03,0.4,1.52,0.38,0.16,0.31,71.15,1.33,0,0,0,0.33,0,0.33,0,0,0.13,0,0.48,1.4,0.18,0,4.4,0,0.06,0.13,0,0,0,1.91,0,0.64,0,0.17,4.97,0,2.08,1.45,0,0,0,0,0,0,2.87,0.12,1.33,0.26,0,0,0,0.41,0.03,0.02,0.06,0,0.08,0.49,0.02,0.04,0.23,0.01,0.01,0.01,0.02,0.02,0.01,0.02,0,0.01,0,0.01
2021-04,0.41,1.35,0.34,0.15,0.28,75.06,1.08,0,0,0,0.3,0,0.33,0,0,0.12,0.02,0.44,1.2,0.16,0,3.37,0,0.05,0.12,0,0,0,1.65,0,0.56,0,0.15,3.18,0,1.71,1.18,0,0,0,0,0,0,2.93,0.12,1.07,0.24,0,0,0,1.07,0.03,0.02,0.06,0,0.07,0.68,0.02,0.05,0.32,0.01,0.01,0.01,0.03,0.01,0.01,0.02,0,0.01,0,0.01
2021-05,0.35,1.22,0.31,0.14,0.26,65.21,0.93,0,0,0,0.27,0,0.32,0,0.03,0.12,1.1,0.41,1.04,0.15,0,2.94,0,0.05,0.11,0,0,0,1.46,0,0.51,0,0.12,2.59,0,1.49,1.06,0,0,0,0,0,0,3.02,0.11,0.94,0.24,0,0,0,12.86,0.03,0.02,0.06,0,0.06,0.17,0.02,0.06,0.08,0.01,0.01,0.01,0.03,0.01,0.01,0.02,0,0.01,0,0
2021-06,0.34,1.14,0.3,0.14,0.24,30.05,0.83,0,0,0,0.26,0,0.32,0,0.17,0.12,44.83,0.38,1.01,0.14,0,2.67,0,0.05,0.11,0,0,0,1.37,0,0.48,0,0.12,2.28,0,1.33,0.97,0,0,0,0,0.11,0,3.06,0.11,0.87,0.2,0,0,0,5.56,0.02,0.02,0.06,0,0.06,0.05,0.02,0.07,0.03,0.01,0.01,0.01,0.03,0.01,0.01,0.02,0,0.01,0,0
2021-07,0.3,1.03,0.27,0.12,0.21,11.11,0.71,0,0,0,0.23,0,0.32,0,2.15,0.11,67.17,0.34,0.91,0.13,0,2.22,0,0.04,0.09,0,0,0,1.19,0,0.43,0,0.13,1.8,0,1.13,0.86,0,0,0,0,0.31,0,2.91,0.09,0.73,0.19,0,0,0,2.17,0.02,0.02,0.05,0,0.05,0.19,0.01,0.05,0.09,0.01,0.01,0.01,0.03,0.01,0.01,0.02,0,0.01,0,0
2021-08,0.34,0.95,0.25,0.12,0.2,8.07,0.64,0,0,0,0.22,0,0.28,0,42.49,0.11,31.31,0.33,0.81,0.12,0,1.99,0,0.04,0.09,0,0,0,1.11,0,0.4,0,0.12,1.56,0,0.97,0.8,0,0,0,0,0.41,0,2.9,0.08,0.65,0.17,0,0,0,1.62,0.02,0.02,0.05,0,0.05,0.42,0.01,0.04,0.19,0.01,0.01,0.01,0.03,0.01,0.01,0.02,0,0.01,0,0
2021-09,0.36,0.85,0.23,0.12,0.19,5.71,0.56,0,0,0,0.22,0,0.39,0,59.13,0.1,8.84,0.29,0.74,0.11,6.01,1.71,0,0.04,0.09,0,0.04,0,1,0,0.36,0,0.15,1.27,0,0.83,0.68,0,0,0,0,4.44,0,2.74,0.08,0.56,0.17,0,0,0,1.14,0.02,0.02,0.04,0,0.05,0.42,0.02,0.03,0.2,0.01,0,0.01,0.02,0,0.01,0.02,0,0.01,0,0
2021-10,0.34,0.75,0.2,0.1,0.16,5.56,0.46,0,0,0,0.18,0,0.33,0,34.1,0.09,6.23,0.25,0.63,0.09,18.31,1.41,0,0.03,0.07,0,0.96,0,0.85,0,0.32,0,0.14,1.06,0,0.69,0.59,0,0.01,0,0,21.45,0,2.43,0.07,0.47,0.15,0,0,0,0.82,0.02,0.01,0.04,0,0.04,0.3,0.02,0.04,0.14,0.01,0,0.01,0.02,0,0.01,0.02,0,0.01,0,0.01
2021-11,0.32,0.69,0.17,0.09,0.15,4.18,0.41,0,0,0,0.15,0,0.29,0,10.26,0.08,4.48,0.22,0.6,0.08,33.13,1.31,0,0.03,0.06,0,18.07,0,0.8,0,0.29,0,0.07,0.99,0,0.62,0.55,0,0.22,0,0,17.48,0,2.32,0.07,0.43,0.13,0,0,0,0.67,0.01,0.01,0.03,0,0.04,0.25,0.02,0.03,0.12,0.01,0,0,0.02,0.01,0,0.02,0,0.01,0,0
2021-12,0.29,0.62,0.16,0.09,0.14,3.63,0.37,0,0,0,0.15,0,0.32,0,5.73,0.08,3.34,0.2,0.55,0.08,20.52,1.17,0,0.03,0.06,0,44.24,0.05,0.72,0,0.27,0,0.1,0.88,0,0.55,0.47,0,4.45,0,0,6.79,0,2.25,0.06,0.4,0.11,0,0,0,0.58,0.01,0.01,0.03,0,0.04,0.22,0.02,0.03,0.1,0.01,0,0,0.02,0,0.01,0.02,0,0.01,0,0
2022-01,0.23,0.55,0.14,0.08,0.12,3.15,0.33,0,0,0,0.13,0,0.31,0,4.88,0.08,2.94,0.2,0.53,0.07,15.12,1.06,0,0.03,0.05,0.01,35.32,0.94,0.63,0,0.24,0,0.11,0.8,0,0.49,0.42,0,22.66,0,0,4.45,0,2.15,0.06,0.36,0.1,0,0,0,0.51,0.01,0.01,0.03,0,0.03,0.37,0.02,0.04,0.17,0.01,0,0,0.02,0,0.01,0.01,0,0.01,0,0
2022-02,0.21,0.51,0.13,0.08,0.11,2.87,0.31,0,0,0,0.13,0,0.28,0,4.25,0.07,2.63,0.22,0.45,0.06,11.54,0.98,0,0.02,0.05,0.29,11.5,20.29,0.58,0,0.23,0,0.12,0.73,0,0.45,0.38,0,33.37,0,0,3.2,0,2.05,0.05,0.34,0.1,0,0,0,0.48,0.01,0.01,0.03,0,0.04,0.51,0.01,0.03,0.23,0.01,0,0,0.02,0,0.01,0.02,0,0.01,0,0
2022-03,0.22,0.47,0.13,0.08,0.11,2.5,0.3,0,0,0,0.13,0,0.22,0,3.54,0.07,2.33,0.18,0.4,0.07,8.1,0.9,0,0.02,0.05,5.92,4.61,56.34,0.54,0,0.21,0,0.06,0.68,0,0.41,0.35,0,5.24,0,0,2.22,0,2.11,0.04,0.31,0.09,0,0,0,0.44,0.02,0.02,0.03,0,0.03,0.26,0.02,0.04,0.12,0,0,0,0.02,0,0.01,0.02,0,0.01,0,0
2022-04,0.26,0.45,0.12,0.06,0.1,2.29,0.28,0,0,0,0.13,0,0.21,0.15,3.12,0.07,2.13,0.16,0.36,0.06,6.61,0.85,0,0.02,0.04,36.89,3.3,31.7,0.52,0,0.2,0,0.05,0.62,0,0.4,0.32,0,3.35,0,0,1.73,0,2.18,0.04,0.3,0.09,0,0,0,0.4,0.03,0.02,0.03,0,0.03,0.11,0.02,0.06,0.05,0,0,0,0.02,0,0,0.02,0,0.01,0,0
2022-05,0.23,0.4,0.11,0.09,0.09,2.09,0.26,0.05,0,0,0.12,0,0.11,6.15,2.65,0.06,1.84,0.14,0.31,0.06,5.2,0.73,0,0.02,0.04,62.48,2.17,6.02,0.46,0,0.17,0,0.04,0.55,0,0.36,0.29,0,2.05,0,0,1.32,0,2.36,0.04,0.27,0.08,0,0,0,0.35,0.02,0.02,0.03,0,0.04,0.01,0.02,0.04,0,0,0,0,0.03,0,0.01,0.01,0,0.01,0,0
2022-06,0.19,0.37,0.11,0.08,0.09,1.86,0.25,0.2,0,0,0.11,0,0.13,59.3,2.33,0.06,1.63,0.13,0.3,0.05,4.35,0.68,0.2,0.02,0.04,14.71,1.68,3.57,0.43,0,0.16,0,0.02,0.5,0,0.32,0.28,0,1.54,0,0,1.07,0,2.36,0.04,0.24,0.08,0,0,0,0.3,0.01,0.01,0.02,0,0.03,0.01,0.01,0.03,0,0,0,0,0.03,0,0.01,0.01,0,0.01,0,0
2022-07,0.21,0.35,0.11,0.05,0.09,1.68,0.24,2.2,0,0,0.1,0,0.17,68.31,2.05,0.06,1.59,0.13,0.28,0.05,3.54,0.64,0.47,0.02,0.04,6.62,1.41,2.68,0.48,0,0.15,0,0.02,0.47,0,0.32,0.26,0,1.32,0,0,0.94,0,2.15,0.04,0.23,0.08,0,0,0,0.28,0.01,0.01,0.02,0,0.02,0.01,0.01,0.04,0,0,0,0,0.04,0,0,0.02,0,0.01,0,0
2022-08,0.2,0.32,0.11,0.05,0.08,1.72,0.23,53.62,0,0,0.09,0,0.15,21.29,1.87,0.06,2.18,0.12,0.28,0.05,2.85,0.59,0.73,0.02,0.06,4.3,1.14,1.87,0.37,0,0.15,0,0.02,0.42,0,0.33,0.25,0,1.05,0,0,0.82,0,1.84,0.03,0.2,0.07,0,0,0,0.26,0.01,0.01,0.02,0,0.03,0.01,0.02,0.03,0,0,0,0,0.02,0,0.01,0.02,0,0.01,0,0
2022-09,0.19,0.28,0.09,0.04,0.06,1.51,0.2,58.07,0.16,0,0.08,0,0.11,6.87,1.58,0.05,1.93,0.11,0.24,0.05,2.35,0.52,13.35,0.02,0.06,2.84,0.89,1.33,0.33,0,0.13,0,0.02,0.37,0,0.3,0.21,1.88,0.81,0,0,0.65,0,1.59,0.03,0.18,0.07,0,0,0,0.23,0.01,0.01,0.01,0,0.02,0.01,0.03,0.04,0,0,0,0,0.02,0,0.01,0.02,0,0.01,0,0.01
2022-10,0.17,0.23,0.08,0.03,0.05,1.12,0.17,42.39,1.51,0,0.08,0,0.08,4.99,1.32,0.05,1.13,0.16,0.19,0.04,2.21,0.44,30.23,0.01,0.04,2.22,0.76,1.11,0.28,0,0.11,0.02,0.02,0.31,0,0.22,0.17,4.81,0.67,0,0,0.52,0,1.44,0.03,0.15,0.06,0,0,0,0.18,0.01,0.01,0.02,0,0.02,0.01,0.02,0.03,0,0,0,0,0.03,0,0.01,0.02,0,0.01,0,0.01
2022-11,0.17,0.24,0.08,0.04,0.06,1.1,0.18,31.63,20,0,0.09,0,0.08,4.42,1.24,0.05,0.88,0.26,0.23,0.05,2.14,0.44,22.17,0.01,0.03,2.03,0.74,1.03,0.28,0,0.1,0.33,0.02,0.3,0,0.19,0.18,5.94,0.63,0,0,0.48,0,1.58,0.03,0.15,0.05,0,0,0,0.16,0.01,0.01,0.02,0,0.01,0.01,0.02,0.03,0,0,0,0,0.02,0,0.01,0.02,0,0.01,0,0.01
2022-12,0.4,0.24,0.09,0.04,0.06,1.05,0.19,13.97,42.37,0.1,0.09,0,0.09,3.43,1.16,0.06,0.89,0.27,0.2,0.05,1.9,0.44,14.22,0.02,0.04,1.96,0.73,0.94,0.4,0,0.1,4.54,0.03,0.32,0,0.22,0.19,5.97,0.61,0,0,0.48,0,1.49,0.03,0.17,0.07,0,0,0,0.17,0.01,0.01,0.02,0,0.01,0.01,0.02,0.04,0,0,0,0,0.03,0,0.01,0.03,0,0.01,0,0.01
2023-01,0.44,0.21,0.08,0.04,0.05,0.9,0.17,11.4,32.62,1.53,0.07,0,0.08,2.93,1.01,0.06,0.76,0.21,0.16,0.04,1.65,0.38,12.06,0.01,0.03,1.59,0.61,0.81,0.26,0,0.09,20.43,0.02,0.27,0,0.18,0.16,5.7,0.52,0,0,0.41,0,1.43,0.03,0.13,0.16,0,0,0,0.14,0.01,0.01,0.01,0,0.01,0.01,0.02,0.03,0,0,0,0,0.02,0,0,0.01,0,0.01,0,0.01
2023-02,0.37,0.21,0.08,0.03,0.05,0.85,0.17,8.74,23.62,13.24,0.07,0,0.08,2.59,0.96,0.06,0.72,0.09,0.17,0.04,1.54,0.37,9.78,0.01,0.03,1.49,0.59,0.76,0.26,0,0.09,23.27,0.02,0.26,0,0.18,0.16,5.89,0.5,0.06,0,0.4,0,1.47,0.03,0.14,0.23,0,0,0,0.14,0.01,0.01,0.01,0,0.01,0.01,0.02,0.03,0,0,0,0,0.02,0,0,0.01,0,0.01,0,0.01
2023-03,0.17,0.2,0.07,0.03,0.05,0.77,0.15,6.34,16.48,38.66,0.07,0,0.06,2.24,0.86,0.05,0.67,0.07,0.16,0.04,1.36,0.34,7.47,0.01,0.03,1.32,0.54,0.68,0.24,0.01,0.08,10.71,0.02,0.24,0,0.17,0.14,5.83,0.45,0.77,0,0.36,0,1.37,0.03,0.13,0.23,0,0,0,0.13,0.01,0.01,0.01,0,0.01,0.02,0.02,0.02,0,0,0.01,0,0.02,0,0,0.02,0,0.01,0,0.01
2023-04,0.17,0.18,0.07,0.03,0.05,0.71,0.15,5.17,12.8,34.5,0.07,0,0.07,1.91,0.78,0.05,0.58,0.07,0.13,0.04,1.19,0.31,6.23,0.01,0.02,1.2,0.53,0.62,0.22,0.34,0.07,7.3,0.01,0.23,0,0.14,0.14,5.64,0.42,15.55,0,0.34,0,1.27,0.03,0.12,0.14,0,0,0,0.12,0,0.01,0.03,0,0.01,0.02,0.02,0.01,0.01,0.03,0.05,0.01,0.02,0.01,0.01,0.02,0.01,0.01,0,0.01
2023-05,0.16,0.16,0.07,0.02,0.04,0.65,0.14,4.31,10.12,15.34,0.07,0.08,0.1,1.65,0.72,0.05,0.53,0.06,0.1,0.04,1.08,0.27,5.37,0.01,0.02,1.07,0.46,0.56,0.18,2.77,0.06,5.43,0.01,0.2,0,0.11,0.13,5.77,0.38,39.65,0,0.31,0,1.28,0.02,0.1,0.09,0,0,0,0.11,0,0.01,0.01,0,0.01,0.02,0.01,0.01,0,0,0.01,0,0.01,0,0,0.02,0,0.01,0,0.01
2023-06,0.16,0.14,0.06,0.03,0.04,0.66,0.13,3.82,8.56,10.39,0.06,0.43,0.15,1.56,0.71,0.05,0.57,0.06,0.1,0.04,1.05,0.27,4.54,0.01,0.02,1.06,0.47,0.55,0.2,43.79,0.06,4.44,0.02,0.21,0,0.11,0.14,5.9,0.38,6.89,0,0.33,0,1.24,0.02,0.1,0.06,0.15,0,0,0.11,0,0.01,0.01,0,0.01,0.02,0.01,0.01,0,0,0,0,0.01,0,0,0.02,0,0.01,0,0.01
2023-07,0.15,0.13,0.05,0.02,0.03,0.55,0.1,3.18,7.36,7.74,0.05,1.29,0.15,1.32,0.59,0.05,0.47,0.05,0.08,0.03,0.83,0.24,3.91,0.01,0.03,0.93,0.42,0.47,0.17,55.46,0.05,3.7,0.02,0.18,0,0.1,0.11,5.34,0.34,2.17,0,0.31,0,1.01,0.02,0.09,0.07,0.42,0,0,0.1,0,0.01,0.02,0,0.01,0.01,0.02,0.01,0,0,0,0,0.01,0,0,0.02,0,0.01,0,0.01
2023-08,0.16,0.12,0.06,0.02,0.04,0.51,0.1,2.8,6.47,6.31,0.05,42.57,0.1,1.2,0.53,0.05,0.44,0.05,0.08,0.03,0.73,0.22,3.33,0.01,0.03,0.86,0.39,0.44,0.17,18.95,0.05,3.21,0.01,0.16,0,0.09,0.1,5.22,0.31,1.55,0,0.3,0,0.99,0.02,0.08,0.08,0.71,0,0,0.09,0,0.01,0.02,0,0.01,0.01,0.02,0.01,0,0,0,0,0.01,0,0,0.02,0,0.01,0,0.01
2023-09,0.15,1.15,0.05,0.02,0.03,0.45,0.1,2.45,5.59,5.08,0.05,56.58,0.09,1.08,0.46,0.04,0.37,0.04,0.07,0.03,0.63,0.19,3.06,0.01,0.03,0.78,0.35,0.4,0.14,3.51,0.04,2.76,0.01,0.14,0.02,0.09,0.09,4.71,0.29,1.19,0,0.29,0,0.89,0.02,0.07,0.09,5.09,0,1.03,0.08,0,0.01,0.01,0,0.01,0.01,0.01,0.02,0,0,0,0,0.01,0,0,0.02,0,0.01,0,0.01
2023-10,0.14,0.09,0.04,0.02,0.03,0.41,0.09,2.31,5.17,4.48,0.04,42.34,0.28,0.99,0.42,0.04,0.32,0.04,0.06,0.03,0.56,0.18,2.74,0.01,0.02,0.71,0.32,0.37,0.12,2.6,0.04,2.46,0.01,0.13,1.05,0.08,0.08,4.56,0.27,0.99,0,0.25,0.03,0.86,0.02,0.07,0.28,17.62,0,5.97,0.09,0,0.01,0.01,0.03,0.01,0.02,0.01,0.03,0,0,0,0,0.01,0,0,0.01,0,0.01,0,0.01
2023-11,0.14,0.09,0.04,0.02,0.03,0.36,0.09,2.15,4.87,4.18,0.04,31.1,0.12,0.92,0.37,0.08,0.28,0.04,0.06,0.03,0.46,0.16,2.46,0.01,0.02,0.67,0.27,0.34,0.11,2.27,0.04,2.26,0.01,0.11,19.27,0.07,0.07,2.73,0.25,0.88,0,0.23,0.55,0.91,0.02,0.06,0.18,11.71,0,6.76,0.08,0,0.01,0.01,1.87,0.01,0.03,0.01,0.03,0,0,0,0,0.01,0,0,0.02,0,0.01,0,0.01
2023-12,0.16,0.09,0.04,0.02,0.03,0.34,0.09,1.95,4.7,3.75,0.04,10.76,0.09,0.84,0.34,0.1,0.26,0.04,0.11,0.03,0.41,0.15,2.22,0.01,0.03,0.66,0.25,0.32,0.11,1.83,0.03,2.02,0.02,0.1,47.23,0.07,0.09,1.64,0.23,0.77,0.25,0.22,4.96,1.13,0.02,0.05,0.3,2.91,0,5.11,0.07,0,0.01,0.01,2.88,0.01,0.03,0.01,0.03,0,0,0,0,0.01,0,0.01,0.02,0,0.01,0,0.01
2024-01,0.15,0.08,0.04,0.01,0.02,0.32,0.08,1.82,4.28,3.46,0.03,8.75,0.09,0.79,0.32,0.09,0.24,0.03,0.11,0.02,0.39,0.14,2.04,0.01,0.02,0.62,0.25,0.31,0.12,1.67,0.03,1.88,0.01,0.1,23.37,0.07,0.13,1.32,0.22,0.79,2.03,0.21,31.61,1.07,0.02,0.05,0.35,2.33,0.02,4.72,0.07,0,0.01,0.01,3.13,0.01,0.04,0.01,0.02,0,0,0,0,0.01,0,0,0.02,0,0.01,0,0.01
2024-02,0.17,0.08,0.04,0.01,0.03,0.32,0.08,1.72,3.86,3.12,0.03,6.66,0.15,0.79,0.32,0.07,0.24,0.03,0.08,0.02,0.39,0.14,1.85,0.01,0.02,0.6,0.25,0.31,0.13,1.49,0.03,1.74,0.01,0.11,4.97,0.06,0.14,1.35,0.23,0.72,17.7,0.21,37.59,1.11,0.02,0.05,0.3,1.69,0.52,4.68,0.07,0,0.01,0.01,3.51,0.01,0.04,0.01,0.02,0,0,0,0,0.01,0,0,0.02,0,0.01,0,0.01
2024-03,0.19,0.08,0.04,0.02,0.03,0.3,0.09,1.67,3.45,2.82,0.04,5.1,0.26,0.76,0.3,0.04,0.23,0.03,0.05,0.02,0.38,0.13,1.69,0.01,0.02,0.6,0.24,0.3,0.12,1.3,0.03,1.62,0.01,0.1,2.55,0.06,0.12,1.19,0.22,0.62,50.32,0.21,4.12,1.02,0.02,0.05,0.31,1.3,7.45,4.57,0.07,0,0.01,0.01,3.56,0.01,0.05,0.01,0.01,0,0,0,0,0.01,0,0,0.02,0,0.01,0,0.01
2024-04,0.17,0.07,0.04,0.02,0.02,0.27,0.08,1.54,3.16,2.55,0.04,4.37,0.3,0.69,0.28,0.04,0.21,0.03,0.05,0.02,0.33,0.12,1.54,0.01,0.02,0.56,0.23,0.27,0.12,1.14,0.03,1.47,0.01,0.09,1.98,0.06,0.11,1.01,0.21,0.54,19.14,0.2,2.64,0.94,0.02,0.05,0.35,1.09,43.16,4.44,0.07,0,0.01,0.01,3.54,0.01,0.04,0.01,0.01,0,0,0,0,0.01,0,0,0.02,0,0,0,0.41
