"Date","iOS 10.3","iOS 9.3","iOS 12.1","iOS 11.2","iOS 12.4","iOS 11.4","iOS 12.5","iOS 11.0","iOS 12.3","iOS 11.3","iOS 12.2","iOS 12.0","iOS 11.1","iOS 13.3","iOS 10.2","iOS 14.4","iOS 15.6","iOS 7.0","iOS 16.3","iOS 14.7","iOS 14.6","iOS 16.6","iOS 10.1","iOS 15.5","iOS 5.1","iOS 14.8","iOS 13.5","iOS 10.0","iOS 8.4","iOS 15.7","iOS 8.1","iOS 13.6","iOS 7.1","iOS 14.2","iOS 15.4","iOS 15.3","iOS 13.4","iOS 13.1","iOS 15.1","iOS 13.7","iOS 16.5","iOS 9.2","iOS 16.2","iOS 6.0","iOS 14.3","iOS 9.1","iOS 8.3","iOS 17.1","iOS 6.1","iOS 17.3","iOS 15.2","iOS 5.0","iOS 17.2","iOS 16.4","iOS 14.0","iOS 16.1","iOS 14.1","iOS 15.0","iOS 13.2","iOS 16.7","iOS 9.0","iOS 17.4","iOS 8.0","iOS 8.2","iOS 4.3","iOS 14.5","iOS 15.8","iOS 3.2","iOS 17.0","iOS 4.2","iOS 16.0","iOS 13.0","Other"
2017-06,53.34,20.9,0,0,0,0,0,0.29,0,0,0,0,0,0,7.99,0,0,1.22,0,0,0,0,2.84,0,1.55,0,0,2.77,1.39,0,1.39,0,1.31,0,0,0,0,0,0,0,0,0.96,0,0.37,0,0.43,0.83,0,0.49,0,0,0.47,0,0,0,0,0,0,0,0,0.33,0,0.3,0.26,0.29,0,0,0.2,0,0.05,0,0,0.01
2017-07,54.93,20.63,0,0,0,0,0,0.36,0,0,0,0,0,0,7.1,0,0,1.29,0,0,0,0,2.67,0,1.45,0,0,2.57,1.38,0,1.36,0,1.31,0,0,0,0,0,0,0,0,0.91,0,0.5,0,0.42,0.82,0,0.5,0,0,0.43,0,0,0,0,0,0,0,0,0.31,0,0.28,0.26,0.26,0,0,0.2,0,0.04,0,0,0.01
2017-08,57.66,20.22,0,0,0,0,0,0.49,0,0,0,0,0,0,5.52,0,0,1.88,0,0,0,0,2.15,0,1.44,0,0,2.23,1.3,0,1.27,0,1.21,0,0,0,0,0,0,0,0,0.86,0,0.33,0,0.41,0.76,0,0.53,0,0,0.41,0,0,0,0,0,0,0,0,0.31,0,0.3,0.25,0.27,0,0,0.17,0,0.04,0,0,0.01
2017-09,56.93,19.3,0,0,0,0,0,3.97,0,0,0,0,0.01,0,4.63,0,0,1.85,0,0,0,0,1.93,0,1.32,0,0,2.01,1.21,0,1.21,0,1.21,0,0,0,0,0,0,0,0,0.79,0,0.33,0,0.38,0.71,0,0.52,0,0,0.41,0,0,0,0,0,0,0,0,0.29,0,0.3,0.23,0.26,0,0,0.17,0,0.03,0,0,0.01
2017-10,33.81,18.66,0,0,0,0,0,29.22,0,0,0,0,0.31,0,3.94,0,0,1.66,0,0,0,0,1.7,0,1.26,0,0,1.81,1.15,0,1.09,0,1.08,0,0,0,0,0,0,0,0,0.72,0,0.31,0,0.35,0.63,0,0.48,0,0,0.4,0,0,0,0,0,0,0,0,0.26,0,0.23,0.21,0.53,0,0,0.15,0,0.05,0,0,0.01
2017-11,23.48,17.98,0,0.22,0,0,0,25.2,0,0,0,0,16.02,0,3.39,0,0,2.34,0,0,0,0,1.53,0,1.3,0,0,1.54,1,0,1.02,0,0.99,0,0,0,0,0,0,0,0,0.65,0,0.42,0,0.32,0.57,0,0.49,0,0,0.39,0,0,0,0,0,0,0,0,0.24,0,0.19,0.2,0.31,0,0,0.19,0,0.03,0,0,0.01
2017-12,19.5,17.47,0,13.66,0,0,0,10.92,0,0,0,0,22,0,2.98,0,0,2.75,0,0,0,0,1.35,0,1.3,0,0,1.36,0.94,0,0.96,0,0.88,0,0,0,0,0,0,0,0,0.61,0,0.47,0,0.33,0.53,0,0.51,0,0,0.41,0,0,0,0,0,0,0,0,0.24,0,0.21,0.18,0.24,0,0,0.17,0,0.03,0,0,0.01
2018-01,17.27,17.35,0,36.75,0,0,0,7.14,0,0.02,0,0,7.96,0,2.62,0,0,1.33,0,0,0,0,1.23,0,1.1,0,0,1.22,0.91,0,0.9,0,0.81,0,0,0,0,0,0,0,0,0.55,0,0.32,0,0.3,0.51,0,0.41,0,0,0.36,0,0,0,0,0,0,0,0,0.22,0,0.19,0.17,0.16,0,0,0.15,0,0.03,0,0,0.01
2018-02,15.82,16.94,0,43.93,0,0,0,5.38,0,0.22,0,0,5.19,0,2.37,0,0,1.1,0,0,0,0,1.14,0,1.09,0,0,1.12,0.87,0,0.85,0,0.78,0,0,0,0,0,0,0,0,0.52,0,0.3,0,0.29,0.48,0,0.38,0,0,0.35,0,0,0,0,0,0,0,0,0.22,0,0.17,0.17,0.16,0,0,0.13,0,0.03,0,0,0.01
2018-03,14.1,15.99,0,47.9,0,0,0,4.03,0,0.42,0,0,3.6,0,2.1,0,0,2.81,0,0,0,0,1,0,1.25,0,0,1.01,0.8,0,0.81,0,0.75,0,0,0,0,0,0,0,0,0.49,0,0.49,0,0.34,0.45,0,0.48,0,0,0.32,0,0,0,0,0,0,0,0,0.22,0,0.17,0.16,0.15,0,0,0.12,0,0.03,0,0,0.01
2018-04,13.49,16.24,0,31.66,0,0.08,0,3.4,0,21.06,0,0,2.84,0,1.98,0,0,0.84,0,0,0,0,0.97,0,1,0,0,0.96,0.8,0,0.81,0,0.75,0,0,0,0,0,0,0,0,0.49,0,0.28,0,0.38,0.44,0,0.39,0,0,0.32,0,0,0,0,0,0,0,0,0.21,0,0.17,0.15,0.14,0,0,0.12,0,0.03,0,0,0.01
2018-05,12.62,15.62,0,15.8,0,0.33,0,2.86,0,39.58,0,0,2.39,0,1.84,0,0,0.82,0,0,0,0,0.94,0,0.95,0,0,0.88,0.8,0,0.77,0,0.69,0,0,0,0,0,0,0,0,0.48,0,0.35,0,0.4,0.41,0,0.36,0,0,0.3,0,0,0,0,0,0,0,0,0.2,0,0.16,0.14,0.14,0,0,0.13,0,0.03,0,0,0.01
2018-06,11.79,15.24,0,10.61,0,22.07,0,2.33,0,25.5,0,0.11,1.96,0,1.66,0,0,0.82,0,0,0,0,0.86,0,0.99,0,0,0.8,0.77,0,0.73,0,0.63,0,0,0,0,0,0,0,0,0.48,0,0.32,0,0.38,0.4,0,0.35,0,0,0.36,0,0,0,0,0,0,0,0,0.2,0,0.17,0.14,0.13,0,0,0.16,0,0.03,0,0,0.01
2018-07,11.12,14.82,0,7.98,0,41.93,0,2.01,0,10.3,0,0.28,1.69,0,1.57,0,0,0.77,0,0,0,0,0.84,0,0.93,0,0,0.75,0.75,0,0.7,0,0.6,0,0,0,0,0,0,0,0,0.43,0,0.36,0,0.33,0.38,0,0.32,0,0,0.33,0,0,0,0,0,0,0,0,0.21,0,0.18,0.14,0.12,0,0,0.13,0,0.03,0,0,0.01
2018-08,10.5,13.99,0,6.49,0,48.78,0,1.83,0,6.83,0,0.34,1.54,0,1.47,0,0,0.84,0,0,0,0,0.77,0,0.89,0,0,0.72,0.75,0,0.7,0,0.62,0,0,0,0,0,0,0,0,0.44,0,0.31,0,0.33,0.39,0,0.33,0,0,0.34,0,0,0,0,0,0,0,0,0.18,0,0.18,0.14,0.12,0,0,0.14,0,0.03,0,0,0.01
2018-09,9.95,13.43,0.05,5.37,0,49.39,0,1.64,0,5.19,0,4.8,1.34,0,1.3,0,0,0.76,0,0,0,0,0.67,0,0.87,0,0,0.65,0.72,0,0.67,0,0.61,0,0,0,0,0,0,0,0,0.39,0,0.24,0,0.29,0.37,0,0.32,0,0,0.27,0,0,0,0,0,0,0,0,0.18,0,0.14,0.12,0.12,0,0,0.12,0,0.03,0,0,0
2018-10,9.55,12.81,0.32,4.63,0,23,0,1.45,0,4.25,0,34.6,1.16,0,1.2,0,0,0.74,0,0,0,0,0.61,0,0.82,0,0,0.6,0.66,0,0.61,0,0.56,0,0,0,0,0,0,0,0,0.4,0,0.2,0,0.28,0.33,0,0.29,0,0,0.27,0,0,0,0,0,0,0,0,0.16,0,0.12,0.12,0.11,0,0,0.12,0,0.03,0,0,0
2018-11,9.24,12.38,20.82,3.96,0,13.93,0,1.26,0,3.49,0,25.75,1.01,0,1.13,0,0,0.74,0,0,0,0,0.64,0,0.81,0,0,0.55,0.62,0,0.57,0,0.53,0,0,0,0,0,0,0,0,0.43,0,0.3,0,0.37,0.31,0,0.26,0,0,0.27,0,0,0,0,0,0,0,0,0.15,0,0.11,0.11,0.11,0,0,0.11,0,0.02,0,0,0
2018-12,8.86,12.01,41.91,3.33,0,10.33,0,1.13,0,2.89,0,10.65,0.9,0,1.04,0,0,0.77,0,0,0,0,0.55,0,0.88,0,0,0.52,0.62,0,0.56,0,0.54,0,0,0,0,0,0,0,0,0.41,0,0.22,0,0.36,0.31,0,0.27,0,0,0.33,0,0,0,0,0,0,0,0,0.15,0,0.11,0.11,0.11,0,0,0.11,0,0.02,0,0,0.01
2019-01,8.43,11.32,51.74,2.87,0,8.2,0,1.02,0,2.52,0.01,5.76,0.81,0,0.96,0,0,0.75,0,0,0,0,0.53,0,0.75,0,0,0.48,0.59,0,0.53,0,0.5,0,0,0,0,0,0,0,0,0.34,0,0.23,0,0.28,0.29,0,0.27,0,0,0.25,0,0,0,0,0,0,0,0,0.14,0,0.1,0.1,0.1,0,0,0.1,0,0.02,0,0,0.01
2019-02,8.12,10.66,56.16,2.6,0,7.13,0,0.95,0,2.31,0.16,4.34,0.73,0,0.89,0,0,0.74,0,0,0,0,0.46,0,0.71,0,0,0.45,0.55,0,0.49,0,0.46,0,0,0,0,0,0,0,0,0.34,0,0.19,0,0.31,0.26,0,0.24,0,0,0.23,0,0,0,0,0,0,0,0,0.13,0,0.1,0.09,0.1,0,0,0.1,0,0.02,0,0,0.01
2019-03,7.8,10.52,59.46,2.29,0,5.83,0,0.84,0.01,2.03,0.78,3.07,0.68,0,0.79,0,0,0.76,0,0,0,0,0.42,0,0.7,0,0,0.41,0.53,0,0.48,0,0.46,0,0,0,0,0,0,0,0,0.37,0,0.17,0,0.34,0.26,0,0.24,0,0,0.24,0,0,0,0,0,0,0,0,0.13,0,0.09,0.09,0.1,0,0,0.1,0,0.02,0,0,0
2019-04,7.52,10.25,31.4,2.08,0,5.01,0,0.79,0.15,1.82,30.99,2.39,0.62,0,0.73,0,0,0.78,0,0,0,0,0.38,0,0.72,0,0,0.4,0.54,0,0.56,0,0.54,0,0,0,0,0,0,0,0,0.36,0,0.16,0,0.32,0.28,0,0.25,0,0,0.27,0,0,0,0,0,0,0,0,0.16,0,0.12,0.09,0.12,0,0,0.17,0,0.02,0,0,0.01
2019-05,7.27,9.84,13.92,1.9,0.04,4.3,0,0.73,3.15,1.63,48.25,1.96,0.6,0,0.73,0,0,0.67,0,0,0,0,0.43,0,0.67,0,0,0.36,0.5,0,0.47,0,0.45,0,0,0,0,0,0,0,0,0.29,0,0.25,0,0.29,0.24,0,0.24,0,0,0.27,0,0,0,0,0,0,0,0,0.13,0,0.08,0.09,0.09,0,0,0.12,0,0.02,0,0,0
2019-06,7.2,9.81,9.43,1.72,0.15,3.77,0,0.68,38.43,1.43,18.75,1.58,0.57,0,0.72,0,0,0.63,0,0,0,0,0.46,0,0.69,0,0,0.34,0.5,0,0.46,0,0.43,0,0,0,0,0,0,0,0,0.28,0,0.37,0,0.27,0.24,0,0.25,0,0,0.28,0,0,0,0,0,0,0,0,0.13,0,0.08,0.09,0.09,0,0,0.13,0,0.02,0,0.04,0
2019-07,6.89,9.44,6.63,1.56,1.03,3.22,0,0.61,53.5,1.27,6.38,1.26,0.51,0,0.74,0,0,0.62,0,0,0,0,0.6,0,0.69,0,0,0.3,0.47,0,0.43,0,0.41,0,0,0,0,0,0,0,0,0.28,0,0.57,0,1.23,0.22,0,0.24,0,0,0.26,0,0,0,0,0,0,0,0,0.13,0,0.07,0.08,0.07,0,0,0.14,0,0.02,0,0.15,0
2019-08,6.77,9.23,5.56,1.45,26.93,2.92,0,0.57,32.55,1.21,4.57,1.15,0.47,0,0.68,0,0,0.71,0,0,0,0,0.5,0,0.66,0,0,0.29,0.47,0,0.41,0,0.39,0,0,0,0,0.01,0,0,0,0.35,0,0.46,0,0.39,0.22,0,0.24,0,0,0.19,0,0,0,0,0,0,0,0,0.12,0,0.07,0.08,0.07,0,0,0.14,0,0.02,0,0.19,0
2019-09,6.45,8.57,4.63,1.35,52.62,2.62,0,0.54,10.89,1.14,3.37,1.01,0.42,0,0.59,0,0,0.72,0,0,0,0,0.38,0,0.66,0,0,0.26,0.43,0,0.38,0,0.35,0,0,0,0,0.58,0,0,0,0.33,0,0.3,0,0.3,0.19,0,0.23,0,0,0.17,0,0,0,0,0,0,0,0,0.13,0,0.06,0.07,0.06,0,0,0.12,0,0.02,0,0.04,0
2019-10,8.35,11.12,4.41,1.7,40.85,2.77,0,0.68,7.59,1.29,2.97,0.98,0.5,0,0.68,0,0,0.91,0,0,0,0,0.37,0,0.81,0,0,0.33,0.55,0,0.48,0,0.45,0,0,0,0,9.73,0,0,0,0.43,0,0.22,0,0.28,0.26,0,0.29,0,0,0.23,0,0,0,0,0,0,0.25,0,0.16,0,0.08,0.09,0.08,0,0,0.08,0,0.02,0,0.01,0
2019-11,9.22,12.27,4.31,1.77,31.97,2.82,0,0.72,6.66,1.33,2.79,0.98,0.53,0.1,0.86,0,0,0.91,0,0,0,0,0.65,0,0.85,0,0,0.34,0.61,0,0.51,0,0.48,0,0,0,0,11.65,0,0,0,0.5,0,0.64,0,0.32,0.29,0,0.29,0,0,0.25,0,0,0,0,0,0,4.83,0,0.15,0,0.08,0.1,0.09,0,0,0.07,0,0.02,0,0.01,0
2019-12,9.34,12.94,3.96,1.71,29.73,2.65,0,0.73,5.92,1.28,2.54,0.94,0.52,7.37,0.74,0,0,0.99,0,0,0,0,0.53,0,1.14,0,0,0.32,0.6,0,0.53,0,0.49,0,0,0,0,7.64,0,0,0,0.53,0,0.51,0,0.35,0.29,0,0.32,0,0,0.24,0,0,0,0,0,0,4.57,0,0.18,0,0.1,0.1,0.12,0,0,0.06,0,0.02,0,0,0
2020-01,9.97,13.73,3.69,1.72,24.04,2.54,0,0.72,4.57,1.27,2.19,0.89,0.52,23.09,0.75,0,0,1.06,0,0,0,0,0.5,0,1.22,0,0,0.33,0.64,0,0.55,0,0.52,0,0,0,0,1.87,0,0,0,0.49,0,0.46,0,0.29,0.29,0,0.34,0,0,0.25,0,0,0,0,0,0,0.91,0,0.18,0,0.11,0.11,0.11,0,0,0.06,0,0.02,0,0,0
2020-02,9.79,13.42,3.37,1.66,21.67,2.47,0,0.7,3.7,1.25,1.94,0.86,0.54,27.77,0.73,0,0,1.2,0,0,0,0,0.48,0,1.13,0,0,0.32,0.64,0,0.56,0,0.53,0,0,0,0.08,1.24,0,0,0,0.75,0,0.47,0,0.54,0.29,0,0.35,0,0,0.3,0,0,0,0,0,0,0.62,0,0.17,0,0.12,0.11,0.12,0,0,0.07,0,0.03,0,0,0.01
2020-03,9.77,13.09,3.04,1.58,20.71,2.35,0,0.69,2.98,1.19,1.6,0.83,0.5,30.97,0.72,0,0,1.17,0,0,0,0,0.46,0,1.2,0,0,0.32,0.64,0,0.55,0,0.52,0,0,0,0.71,0.93,0,0,0,0.61,0,0.43,0,0.41,0.29,0,0.34,0,0,0.36,0,0,0,0,0,0,0.46,0,0.15,0,0.11,0.12,0.11,0,0,0.06,0,0.02,0,0,0.01
2020-04,9.47,12.71,3.04,1.5,21.58,2.3,0,0.65,2.78,1.15,1.52,0.83,0.52,27.33,0.64,0,0,1.08,0,0,0,0,0.38,0,0.74,0,0,0.31,0.62,0,0.53,0,0.49,0,0,0,5.71,0.88,0,0,0,0.64,0,0.31,0,0.49,0.28,0,0.31,0,0,0.31,0,0,0,0,0,0,0.41,0,0.13,0,0.1,0.12,0.06,0,0,0.05,0,0.01,0,0,0
2020-05,9.28,12.46,3.05,1.39,23.11,2.26,0,0.58,2.69,1.11,1.53,0.84,0.46,14.3,0.57,0,0,1.15,0,0,0,0,0.34,0,0.26,0,1.08,0.28,0.62,0,0.5,0,0.47,0,0,0,18.21,0.8,0,0,0,0.4,0,0.3,0,0.4,0.26,0,0.3,0,0,0.23,0,0,0,0,0,0,0.37,0,0.13,0,0.08,0.1,0.02,0,0,0.05,0,0,0,0,0
2020-06,9.45,12.72,2.85,1.3,22.97,2.11,0,0.56,2.34,1.05,1.35,0.8,0.44,4.61,0.53,0,0,1.24,0,0,0,0,0.27,0,0.3,0,16.45,0.28,0.62,0,0.51,0.07,0.48,0,0,0,13.26,0.65,0,0,0,0.48,0,0.23,0,0.51,0.26,0,0.33,0,0,0.26,0,0,0.02,0,0,0,0.3,0,0.13,0,0.08,0.12,0.02,0,0,0.05,0,0,0,0,0
2020-07,9.25,12.54,2.47,1.24,22.75,1.92,0,0.53,2.02,1.01,1.19,0.71,0.42,2.62,0.5,0,0,1.26,0,0,0,0,0.25,0,0.32,0,29.91,0.25,0.6,0,0.5,1.54,0.47,0,0,0,2.09,0.56,0,0,0,0.6,0,0.23,0,0.63,0.25,0,0.31,0,0,0.26,0,0,0.15,0,0,0,0.24,0,0.13,0,0.07,0.12,0.02,0,0,0.05,0,0,0,0,0
2020-08,9.05,12.29,2.37,1.17,22.57,1.82,0,0.52,1.85,0.95,1.13,0.69,0.39,2.13,0.48,0,0,1.3,0,0,0,0,0.24,0,0.26,0,12.17,0.25,0.6,0,0.49,22.06,0.46,0,0,0,1.4,0.52,0,0,0,0.51,0,0.24,0,0.45,0.24,0,0.3,0,0,0.26,0,0,0.22,0,0,0,0.22,0,0.12,0,0.08,0.12,0.02,0,0,0.04,0,0.01,0,0,0
2020-09,8.89,12.03,2.16,1.08,22.29,1.69,0,0.52,1.67,0.91,1.09,0.64,0.37,1.72,0.47,0,0,1.23,0,0,0,0,0.22,0,0.26,0,2.92,0.24,0.57,0,0.47,16.87,0.47,0.03,0,0,0.95,0.47,0,13.91,0,0.46,0,0.27,0,0.42,0.23,0,0.3,0,0,0.27,0,0,3.37,0,0,0,0.2,0,0.11,0,0.07,0.1,0.02,0,0,0.04,0,0.01,0,0,0
2020-10,8.7,11.64,2.09,1.07,22.14,1.63,0,0.5,1.61,0.87,1.04,0.63,0.36,1.53,0.44,0,0,1.2,0,0,0,0,0.21,0,0.24,0,2.09,0.22,0.56,0,0.46,5.68,0.46,0.14,0,0,0.82,0.44,0,18.64,0,0.5,0,0.28,0,0.53,0.22,0,0.29,0,0,0.26,0,0,10.95,0,1.03,0,0.19,0,0.11,0,0.07,0.1,0.02,0,0,0.04,0,0,0,0,0
2020-11,8.66,11.4,2.03,1.04,22.34,1.53,0,0.5,1.52,0.83,0.96,0.59,0.36,1.34,0.41,0,0,1.14,0,0,0,0,0.2,0,0.23,0,1.64,0.2,0.53,0,0.44,3.66,0.43,9.08,0,0,0.71,0.44,0,6.2,0,0.42,0,0.24,0.04,0.52,0.21,0,0.27,0,0,0.21,0,0,3.85,0,15.29,0,0.19,0,0.11,0,0.07,0.11,0.02,0,0,0.04,0,0,0,0,0
2020-12,8.54,11.18,1.79,0.96,21.47,1.45,0.57,0.47,1.33,0.79,0.85,0.56,0.32,1.14,0.63,0.03,0,1.1,0,0,0,0,0.72,0,0.2,0,1.15,0.19,0.51,0,0.43,2.43,0.43,27.74,0,0,0.59,0.38,0,2.67,0,0.31,0,1,1.98,0.42,0.21,0,0.25,0,0,0.21,0,0,1.86,0,2.65,0,0.16,0,0.11,0,0.06,0.1,0.02,0,0,0.04,0,0,0,0,0
2021-01,8.44,10.87,1.65,0.93,17.51,1.36,4.05,0.45,1.22,0.75,0.78,0.5,0.31,1.1,0.54,0.68,0,1.1,0,0,0,0,0.51,0,0.24,0,1.04,0.19,0.5,0,0.42,1.99,0.42,14.72,0,0,0.56,0.37,0,2.01,0,0.29,0,0.73,19.25,0.33,0.22,0,0.23,0,0,0.21,0,0,1.48,0,1.57,0,0.16,0,0.1,0,0.06,0.09,0.02,0,0,0.04,0,0,0,0,0
2021-02,8.13,11.15,1.44,0.82,7.71,1.26,13.06,0.5,1.05,0.7,0.69,0.45,0.28,0.97,0.73,23.68,0,1.08,0,0,0,0,0.97,0,0.3,0,0.83,0.18,0.49,0,0.41,1.38,0.41,3.17,0,0,0.47,0.35,0,1.18,0,0.29,0,1.48,11.16,0.3,0.21,0,0.23,0,0,0.22,0,0,0.89,0,0.81,0,0.15,0,0.11,0,0.07,0.09,0.02,0.08,0,0.04,0,0,0,0,0
2021-03,8.01,10.7,1.36,0.79,5.44,1.17,15.11,0.43,0.98,0.66,0.63,0.44,0.27,0.89,0.7,36.46,0,1.1,0,0,0,0,0.86,0,0.29,0,0.7,0.17,0.51,0,0.42,1.15,0.41,1.86,0,0,0.43,0.33,0,0.94,0,0.29,0,1.31,2.38,0.3,0.23,0,0.24,0,0,0.23,0,0,0.7,0,0.52,0,0.14,0,0.1,0,0.07,0.09,0.02,0.12,0,0.04,0,0,0,0,0
2021-04,7.72,10.13,1.28,0.72,4.26,1.12,16.06,0.41,0.9,0.64,0.61,0.4,0.26,0.82,0.85,38.56,0,1.27,0,0,0.01,0,1.16,0,0.3,0,0.6,0.17,0.51,0,0.45,1.01,0.39,1.33,0,0,0.38,0.31,0,0.78,0,0.39,0,1.73,1.41,0.49,0.22,0,0.23,0,0,0.25,0,0,0.59,0,0.4,0,0.12,0,0.1,0,0.08,0.08,0.03,0.41,0,0.05,0,0,0,0,0
2021-05,7.78,10,1.22,0.73,3.64,1.12,16.86,0.38,0.88,0.65,0.59,0.4,0.26,0.84,0.45,35.47,0,1.28,0,0.01,0.61,0,0.38,0,0.29,0,0.6,0.17,0.51,0,0.42,0.96,0.37,1.16,0,0,0.38,0.31,0,0.73,0,0.28,0,0.63,1.14,0.36,0.22,0,0.23,0,0,0.26,0,0,0.55,0,0.36,0,0.12,0,0.09,0,0.07,0.08,0.02,6.1,0,0.05,0,0,0,0,0
2021-06,7.65,9.86,1.26,0.7,3.15,1.02,17.11,0.86,0.83,0.6,0.55,0.39,0.25,0.82,0.34,17.17,0,1.41,0,0.06,23.61,0,0.2,0,0.31,0,0.58,0.17,0.49,0,0.42,0.91,0.36,1.02,0,0,0.38,0.3,0,0.68,0,0.28,0,0.37,0.94,0.31,0.23,0,0.24,0,0,0.28,0,0,0.5,0,0.33,0.05,0.13,0,0.09,0,0.06,0.09,0.02,2.58,0,0.04,0,0,0,0,0
2021-07,7.48,9.39,1.2,0.66,2.73,0.95,17.24,0.45,0.76,0.58,0.52,0.36,0.24,0.74,0.43,5.92,0,1.29,0,0.92,37.71,0,0.41,0,0.29,0,0.52,0.15,0.47,0,0.38,0.84,0.33,0.82,0,0,0.36,0.29,0,0.61,0,0.27,0,0.7,0.73,0.37,0.21,0,0.23,0,0,0.26,0,0,0.41,0,0.27,0.14,0.11,0,0.09,0,0.06,0.08,0.02,0.98,0,0.04,0,0,0,0,0
2021-08,7.34,9.01,1.05,0.63,2.47,0.93,17.41,0.43,0.72,0.57,0.5,0.34,0.22,0.71,0.58,4.23,0,1.2,0,22.2,18.9,0,0.74,0,0.29,0,0.48,0.14,0.46,0,0.38,0.78,0.34,0.72,0,0,0.34,0.27,0,0.55,0,0.26,0,1.21,0.64,0.39,0.19,0,0.22,0,0,0.26,0,0,0.37,0,0.25,0.18,0.11,0,0.09,0,0.06,0.07,0.02,0.7,0,0.03,0,0,0,0.01,0
2021-09,7.31,8.97,1.01,0.6,2.24,0.89,17.65,0.43,0.72,0.57,0.48,0.33,0.21,0.65,0.61,2.98,0,1.22,0,32.89,5.5,0,0.81,0,0.3,3.34,0.44,0.14,0.44,0,0.37,0.7,0.32,0.6,0,0,0.29,0.25,0.02,0.51,0,0.26,0,1.31,0.53,0.39,0.2,0,0.22,0,0,0.28,0,0,0.32,0,0.21,1.63,0.1,0,0.08,0,0.06,0.08,0.03,0.47,0,0.04,0,0,0,0.01,0
2021-10,7.06,8.16,0.95,0.56,1.96,0.79,17.24,0.43,0.69,0.55,0.45,0.3,0.19,0.63,0.5,2.65,0,1.11,0,22.33,4.57,0,0.63,0,0.21,11,0.42,0.13,0.37,0,0.32,0.67,0.3,0.57,0,0,0.3,0.25,0.56,0.48,0,0.25,0,1,0.48,0.37,0.17,0,0.21,0,0,0.25,0,0,0.29,0,0.2,8.62,0.11,0,0.08,0,0.06,0.07,0.04,0.4,0,0.04,0,0.01,0,0.02,0
2021-11,6.93,7.92,1.06,0.53,1.8,0.75,16.93,0.43,0.67,0.51,0.43,0.28,0.18,0.59,0.43,2.45,0,1.04,0,7.74,3.14,0,0.55,0,0.17,22.39,0.4,0.11,0.34,0,0.3,0.61,0.29,0.51,0,0,0.28,0.24,9.54,0.43,0,0.25,0,0.86,0.45,0.4,0.15,0,0.2,0,0.1,0.24,0,0,0.28,0,0.18,6.23,0.11,0,0.07,0,0.05,0.06,0.03,0.33,0,0.03,0,0,0,0.02,0
2021-12,6.89,7.73,0.98,0.51,1.65,0.71,16.82,0.41,0.62,0.55,0.4,0.27,0.18,0.58,0.41,2.24,0,1.15,0,4.54,2.4,0,0.5,0,0.16,14.6,0.37,0.1,0.33,0,0.3,0.59,0.28,0.49,0,0.02,0.27,0.23,23.35,0.43,0,0.22,0,0.81,0.43,0.39,0.15,0,0.2,0,2.7,0.23,0,0,0.27,0,0.17,2.74,0.1,0,0.07,0,0.05,0.07,0.03,0.28,0,0.04,0,0,0,0.02,0
2022-01,6.4,7.17,0.86,0.45,1.51,0.63,16.43,0.33,0.59,0.53,0.39,0.24,0.16,0.58,0.52,2.09,0,1.03,0,4.1,2.24,0,0.76,0,0.16,11.47,0.36,0.09,0.28,0,0.25,0.55,0.23,0.49,0,0.61,0.26,0.23,19.41,0.4,0,0.2,0,1.23,0.4,0.35,0.13,0,0.14,0,12.59,0.22,0,0,0.26,0,0.16,1.91,0.1,0,0.07,0,0.04,0.05,0.03,0.27,0,0.03,0,0.01,0,0.02,0
2022-02,5.83,6.75,0.88,0.46,1.39,0.59,15.92,0.29,0.56,0.5,0.36,0.23,0.19,0.53,0.63,2.01,0,0.95,0,3.68,2.14,0,1,0,0.16,9.09,0.34,0.08,0.26,0,0.25,0.54,0.21,0.46,0.11,12.13,0.24,0.21,7.43,0.39,0,0.2,0,1.59,0.39,0.33,0.12,0,0.12,0,17.91,0.19,0,0,0.24,0,0.16,1.34,0.09,0,0.07,0,0.04,0.05,0.03,0.26,0,0.04,0,0.01,0,0.01,0
2022-03,5.87,6.82,0.74,0.39,1.3,0.57,15.87,0.3,0.54,0.52,0.37,0.22,0.18,0.51,0.4,1.75,0,0.91,0,3.08,1.91,0,0.53,0,0.16,6.35,0.32,0.08,0.26,0,0.24,0.51,0.22,0.43,2.83,34.6,0.23,0.22,2.87,0.38,0,0.2,0,0.89,0.36,0.35,0.13,0,0.12,0,3.4,0.2,0,0,0.23,0,0.16,0.92,0.08,0,0.07,0,0.04,0.06,0.03,0.25,0,0.04,0,0.01,0,0.01,0
2022-04,5.96,6.9,0.63,0.35,1.17,0.52,16.07,0.3,0.51,0.5,0.35,0.2,0.15,0.5,0.25,1.62,0,0.91,0,2.84,1.83,0,0.26,0.07,0.15,5.39,0.3,0.08,0.27,0,0.23,0.48,0.22,0.43,19.9,22.16,0.21,0.22,2.04,0.35,0,0.2,0,0.45,0.35,0.34,0.13,0,0.11,0,2.19,0.19,0,0,0.21,0,0.15,0.79,0.09,0,0.06,0,0.04,0.04,0.02,0.25,0,0.04,0,0,0,0.01,0
2022-05,5.62,6.79,0.59,0.33,1.1,0.49,15.5,0.26,0.48,0.51,0.33,0.2,0.13,0.47,0.15,1.52,0.02,0.93,0,2.5,1.67,0,0.08,3.41,0.15,4.22,0.3,0.07,0.27,0,0.24,0.46,0.22,0.4,39.22,4.73,0.21,0.21,1.34,0.34,0,0.19,0,0.15,0.33,0.42,0.12,0,0.12,0,1.31,0.17,0,0,0.21,0,0.15,0.66,0.08,0,0.06,0,0.04,0.05,0.02,0.22,0,0.23,0,0,0,0.01,0
2022-06,5.5,6.79,0.59,0.31,1.05,0.48,15.25,0.26,0.46,0.5,0.33,0.19,0.13,0.45,0.15,1.38,0.09,0.93,0,2.22,1.5,0,0.08,36.01,0.16,3.49,0.27,0.06,0.26,0,0.23,0.43,0.23,0.38,11.3,2.61,0.21,0.2,1.01,0.33,0,0.2,0,0.16,0.31,0.42,0.12,0,0.11,0,0.93,0.21,0,0,0.21,0,0.13,0.63,0.09,0,0.06,0,0.04,0.05,0.02,0.22,0,0.15,0,0,0.06,0.02,0
2022-07,5.5,6.73,0.56,0.31,0.99,0.44,15.26,0.25,0.47,0.51,0.31,0.18,0.13,0.41,0.14,1.28,1.4,0.95,0,1.96,1.32,0,0.07,44.46,0.15,2.91,0.25,0.06,0.25,0,0.23,0.43,0.22,0.35,4.49,1.83,0.19,0.18,0.82,0.32,0,0.19,0,0.18,0.3,0.37,0.11,0,0.11,0,0.76,0.19,0,0,0.19,0,0.13,0.52,0.09,0,0.06,0,0.04,0.05,0.02,0.2,0,0.04,0,0,0.15,0.02,0
2022-08,5.44,6.62,0.53,0.35,0.94,0.43,15.12,0.24,0.45,0.49,0.3,0.19,0.13,0.39,0.13,1.14,33.36,1,0,1.7,1.18,0,0.06,16.05,0.15,2.46,0.25,0.07,0.28,0,0.21,0.38,0.25,0.33,3.07,1.37,0.18,0.18,0.7,0.31,0,0.19,0,0.17,0.28,0.39,0.12,0,0.11,0,0.63,0.19,0,0,0.19,0.03,0.12,0.44,0.1,0,0.06,0,0.04,0.06,0.02,0.17,0,0.03,0,0,0.21,0.02,0
2022-09,5.15,6.36,0.49,0.33,0.89,0.41,14.65,0.24,0.41,0.46,0.3,0.16,0.12,0.36,0.12,1.07,41.75,1.09,0,1.5,1.04,0,0.06,6.16,0.17,2.11,0.23,0.06,0.43,4.78,0.32,0.35,0.33,0.31,2.1,1.04,0.16,0.16,0.57,0.28,0,0.18,0,0.2,0.26,0.36,0.18,0,0.12,0,0.49,0.21,0,0,0.17,0.22,0.12,0.38,0.08,0,0.06,0,0.06,0.08,0.02,0.15,0,0.04,0,0.01,0.05,0.02,0
2022-10,4.94,6.01,0.45,0.26,0.83,0.39,14.34,0.23,0.38,0.45,0.3,0.15,0.12,0.35,0.12,1,36.39,1.04,0,1.46,1,0,0.05,5.32,0.14,2.08,0.2,0.06,0.23,12.81,0.2,0.31,0.21,0.28,1.92,0.94,0.15,0.13,0.54,0.26,0,0.16,0.01,0.15,0.23,0.27,0.09,0,0.1,0,0.47,0.2,0,0,0.16,1.11,0.11,0.36,0.07,0,0.05,0,0.04,0.05,0.01,0.14,0,0.04,0,0.01,0.14,0.02,0
2022-11,5.13,6.06,0.45,0.25,0.8,0.39,14.21,0.23,0.41,0.48,0.29,0.15,0.12,0.33,0.11,0.98,31.93,1,0,1.37,0.97,0,0.06,4.77,0.13,1.98,0.19,0.06,0.25,11.6,0.21,0.28,0.21,0.27,1.77,0.89,0.15,0.13,0.52,0.25,0,0.16,0.17,0.18,0.22,0.29,0.1,0,0.1,0,0.44,0.21,0,0,0.16,7.66,0.1,0.33,0.07,0,0.05,0,0.03,0.04,0.02,0.14,0,0.04,0,0.01,0.11,0.02,0
2022-12,5.16,5.99,0.43,0.3,0.78,0.4,13.73,0.22,0.35,0.51,0.28,0.15,0.12,0.34,0.13,0.98,27.42,0.97,0.05,1.33,0.91,0,0.05,4.37,0.13,1.86,0.18,0.07,0.27,13.11,0.22,0.33,0.2,0.27,1.69,0.84,0.16,0.14,0.49,0.23,0,0.15,2.62,0.2,0.23,0.43,0.1,0,0.09,0,0.43,0.24,0,0,0.16,9.18,0.11,0.34,0.06,0,0.07,0,0.03,0.04,0.02,0.13,0,0.04,0,0.01,0.16,0.02,0
2023-01,4.74,5.52,0.46,0.28,0.85,0.37,13.23,0.29,0.38,0.53,0.27,0.16,0.13,0.33,0.12,0.92,21.01,0.94,1.15,1.24,1.03,0,0.05,3.93,0.12,1.75,0.19,0.06,0.23,11.3,0.2,0.33,0.18,0.27,1.57,0.78,0.16,0.16,0.49,0.22,0,0.14,15.46,0.13,0.22,0.4,0.1,0,0.09,0,0.4,0.16,0,0,0.16,5.72,0.11,0.34,0.1,0,0.05,0,0.03,0.03,0.02,0.14,0,0.03,0,0,0.19,0.02,0
2023-02,4.61,5.45,0.47,0.29,0.83,0.35,12.91,0.24,0.35,0.54,0.26,0.16,0.13,0.31,0.11,0.98,12.06,0.92,10.3,1.19,0.88,0,0.05,3.25,0.12,1.64,0.19,0.05,0.23,8.62,0.21,0.3,0.2,0.25,1.38,0.74,0.16,0.16,0.52,0.21,0,0.14,21.14,0.14,0.2,0.67,0.1,0,0.1,0,0.4,0.16,0,0.03,0.18,4.06,0.11,0.32,0.11,0,0.04,0,0.03,0.03,0.01,0.15,0,0.03,0,0,0.18,0.02,0
2023-03,4.54,5.52,0.39,0.24,0.7,0.33,12.71,0.21,0.32,0.53,0.26,0.13,0.11,0.26,0.1,0.78,7.44,0.93,31.04,1.06,0.78,0,0.05,2.62,0.12,1.42,0.16,0.06,0.28,7.64,0.22,0.25,0.22,0.22,1.24,0.69,0.14,0.11,0.4,0.2,0,0.16,8.85,0.17,0.18,1,0.11,0,0.1,0,0.36,0.2,0,0.43,0.13,2.94,0.1,0.28,0.06,0,0.04,0,0.05,0.04,0.02,0.14,0,0.04,0,0.02,0.15,0.01,0
2023-04,4.4,5.08,0.38,0.21,0.59,0.31,12.23,0.18,0.3,0.51,0.23,0.12,0.08,0.25,0.09,0.73,6,1,28.73,1.01,0.77,0,0.04,2.31,0.14,1.31,0.15,0.06,0.44,7.29,0.35,0.23,0.31,0.2,1.18,0.66,0.13,0.11,0.4,0.19,0.17,0.15,5.58,0.22,0.17,0.34,0.17,0,0.12,0,0.35,0.21,0,10.31,0.11,2.43,0.1,0.27,0.05,0,0.05,0,0.06,0.08,0.02,0.14,0,0.06,0,0.02,0.14,0.01,0
2023-05,4.31,4.69,0.36,0.21,0.57,0.29,11.72,0.15,0.28,0.48,0.21,0.12,0.07,0.24,0.09,0.71,4.76,1.08,13.28,0.97,0.72,0.04,0.04,2.02,0.13,1.21,0.14,0.05,0.32,7.04,0.28,0.23,0.26,0.21,1.08,0.61,0.13,0.1,0.37,0.18,1.95,0.13,3.94,0.22,0.17,0.35,0.14,0,0.11,0,0.33,0.21,0,29.52,0.11,2.18,0.1,0.26,0.04,0,0.04,0,0.04,0.06,0.01,0.16,0,0.06,0,0,0.11,0.01,0
2023-06,4.2,4.45,0.37,0.25,0.55,0.28,11.4,0.16,0.28,0.51,0.21,0.12,0.08,0.26,0.09,0.73,4.15,0.96,9.21,0.93,0.7,0.2,0.04,1.92,0.1,1.17,0.14,0.05,0.21,6.99,0.17,0.25,0.17,0.22,1.04,0.62,0.12,0.1,0.38,0.17,33.66,0.14,3.12,0.21,0.17,0.35,0.09,0,0.09,0,0.35,0.16,0,4.73,0.12,1.94,0.09,0.28,0.05,0,0.04,0,0.04,0.05,0.02,0.12,0,0.04,0.08,0.02,0.09,0.01,0
2023-07,4.04,4.29,0.35,0.19,0.52,0.26,11.15,0.2,0.26,0.6,0.21,0.12,0.12,0.22,0.08,0.63,3.53,0.9,6.88,0.84,0.66,0.82,0.03,1.68,0.1,1.01,0.12,0.06,0.2,6.89,0.15,0.25,0.16,0.2,0.97,0.56,0.1,0.1,0.37,0.15,42.06,0.15,2.56,0.17,0.16,0.3,0.09,0,0.08,0,0.32,0.18,0,1.16,0.11,1.69,0.09,0.25,0.05,0,0.04,0,0.04,0.04,0.02,0.11,0,0.05,0.19,0.01,0.08,0.01,0
2023-08,3.79,4.16,0.37,0.17,0.51,0.26,10.92,0.26,0.25,0.58,0.26,0.12,0.12,0.23,0.08,0.59,3.12,0.86,5.86,0.78,0.61,32.81,0.03,1.53,0.12,0.93,0.12,0.05,0.22,6.78,0.16,0.27,0.16,0.2,0.9,0.51,0.09,0.11,0.33,0.14,13.45,0.12,2.19,0.2,0.15,0.31,0.08,0,0.08,0,0.3,0.16,0,0.85,0.11,1.56,0.09,0.26,0.06,0,0.04,0,0.03,0.04,0.02,0.1,0,0.04,0.34,0.01,0.07,0.01,0
2023-09,3.59,3.74,0.34,0.18,0.49,0.26,10.27,0.31,0.26,0.56,0.29,0.11,0.14,0.21,0.07,0.56,2.83,0.85,4.76,0.78,0.58,45.46,0.03,1.42,0.11,0.86,0.12,0.05,0.24,6.39,0.13,0.24,0.16,0.19,0.85,0.48,0.08,0.1,0.32,0.13,2.12,0.11,1.84,0.14,0.14,0.34,0.07,0.01,0.07,0,0.28,0.16,0,0.62,0.1,1.4,0.1,0.25,0.06,0.95,0.04,0,0.04,0.03,0.02,0.1,0,0.05,2.35,0.02,0.07,0.01,0
2023-10,3.77,3.76,0.33,0.17,0.48,0.22,10.04,0.27,0.25,0.57,0.27,0.11,0.11,0.21,0.07,0.54,2.63,0.83,4.32,0.7,0.55,36.19,0.03,1.35,0.11,0.79,0.12,0.05,0.21,6.33,0.13,0.22,0.19,0.17,0.8,0.46,0.07,0.09,0.29,0.13,1.79,0.12,1.68,0.16,0.14,0.34,0.07,0.63,0.08,0,0.26,0.14,0.02,0.59,0.11,1.28,0.08,0.24,0.05,5.86,0.03,0,0.04,0.03,0.02,0.1,0.04,0.05,8.01,0.03,0.07,0.01,0
2023-11,3.72,3.84,0.31,0.14,0.43,0.23,9.91,0.25,0.24,0.56,0.23,0.11,0.12,0.2,0.07,0.53,2.46,0.8,4.06,0.64,0.51,27.55,0.03,1.3,0.11,0.76,0.1,0.04,0.18,3.57,0.12,0.19,0.21,0.17,0.79,0.43,0.07,0.07,0.27,0.13,1.57,0.12,1.65,0.28,0.14,0.35,0.07,13.42,0.08,0,0.26,0.15,0.27,0.54,0.1,1.2,0.08,0.21,0.04,6.56,0.03,0,0.04,0.03,0.02,0.18,2.73,0.05,4.29,0.03,0.07,0.01,0
2023-12,3.69,3.75,0.31,0.14,0.41,0.21,9.67,0.28,0.23,0.52,0.24,0.1,0.12,0.19,0.07,0.48,2.35,0.81,3.68,0.6,0.47,9.06,0.03,1.19,0.11,0.72,0.09,0.04,0.21,1.96,0.12,0.21,0.17,0.16,0.72,0.37,0.07,0.07,0.3,0.12,1.16,0.14,1.49,0.21,0.12,0.29,0.06,35.65,0.08,0.12,0.22,0.16,3.43,0.47,0.09,1.11,0.07,0.21,0.04,5.09,0.03,0,0.03,0.03,0.02,0.15,4.27,0.05,1.05,0.02,0.07,0.01,0
2024-01,3.57,3.52,0.32,0.19,0.42,0.21,9.58,0.26,0.21,0.49,0.26,0.1,0.13,0.19,0.07,0.47,2.29,0.77,3.57,0.59,0.46,7.69,0.03,1.19,0.11,0.65,0.09,0.04,0.18,1.61,0.12,0.26,0.15,0.16,0.71,0.38,0.06,0.06,0.28,0.13,1.13,0.13,1.46,0.24,0.12,0.23,0.06,17.17,0.07,1.31,0.22,0.14,23.6,0.46,0.09,1.15,0.06,0.2,0.04,4.85,0.03,0.01,0.03,0.03,0.02,0.16,4.47,0.04,0.85,0.01,0.05,0.01,0
2024-02,3.62,3.44,0.3,0.14,0.37,0.2,9.18,0.23,0.2,0.46,0.16,0.1,0.11,0.22,0.07,0.5,2.2,0.71,3.3,0.6,0.49,5.99,0.2,1.18,0.11,0.63,0.08,0.04,0.18,1.54,0.12,0.29,0.15,0.19,0.71,0.37,0.06,0.05,0.28,0.12,1.06,0.14,1.4,0.34,0.12,0.08,0.06,3.68,0.06,12.61,0.21,0.13,28.82,0.42,0.08,1.11,0.09,0.18,0.03,4.69,0.04,0.24,0.03,0.03,0.02,0.19,4.53,0.02,0.59,0.02,0.05,0.02,0
2024-03,3.92,3.64,0.29,0.15,0.37,0.19,9.29,0.27,0.2,0.47,0.16,0.1,0.12,0.17,0.08,0.41,2.09,0.83,2.95,0.55,0.43,4.4,0.31,1.07,0.12,0.59,0.08,0.04,0.18,1.39,0.14,0.24,0.15,0.15,0.67,0.37,0.06,0.06,0.25,0.1,0.83,0.13,1.22,0.29,0.1,0.04,0.07,1.75,0.07,38.84,0.2,0.14,2.77,0.37,0.06,1.02,0.06,0.17,0.03,4.53,0.03,4.78,0.03,0.03,0.02,0.13,4.71,0.02,0.45,0.01,0.05,0.02,0
2024-04,3.87,3.63,0.28,0.15,0.38,0.2,9.06,0.24,0.2,0.49,0.16,0.09,0.15,0.2,0.07,0.43,1.91,0.97,2.73,0.52,0.41,3.74,0.41,0.99,0.12,0.54,0.09,0.03,0.17,1.2,0.15,0.21,0.12,0.15,0.63,0.34,0.06,0.07,0.25,0.1,0.76,0.12,1.15,0.23,0.1,0.12,0.08,1.37,0.08,14.11,0.21,0.16,1.7,0.33,0.07,0.94,0.06,0.18,0.04,4.5,0.03,32.41,0.03,0.04,0.01,0.15,4.78,0.02,0.43,0.01,0.04,0.02,0.2
