"Date","iOS 10.3","iOS 12.1","iOS 13.3","iOS 11.2","iOS 11.4","iOS 14.4","iOS 12.4","iOS 15.6","iOS 12.3","iOS 11.0","iOS 9.3","iOS 11.3","iOS 16.1","iOS 16.3","iOS 16.6","iOS 14.7","iOS 15.5","iOS 14.6","iOS 12.2","iOS 13.1","iOS 11.1","iOS 12.0","iOS 13.5","iOS 14.8","iOS 14.2","iOS 16.0","iOS 15.4","iOS 15.1","iOS 13.6","iOS 15.3","iOS 16.5","iOS 10.2","iOS 13.4","iOS 12.5","iOS 16.2","iOS 14.3","iOS 17.1","iOS 13.7","iOS 15.7","iOS 14.0","iOS 15.2","iOS 16.4","iOS 17.3","iOS 17.2","iOS 15.0","iOS 14.1","iOS 13.2","iOS 17.4","iOS 17.0","iOS 10.1","iOS 16.7","iOS 10.0","iOS 14.5","iOS 7.1","iOS 7.0","iOS 6.0","iOS 15.8","iOS 9.2","iOS 13.0","iOS 8.4","iOS 8.1","iOS 9.1","iOS 6.1","iOS 5.1","iOS 8.3","iOS 9.0","iOS 5.0","iOS 8.0","iOS 4.3","iOS 8.2","iOS 3.2","Other"
2017-06,66.15,0,0,0,0,0,0,0,0,0.39,8.64,0,0,0,0,0,0,0,0,0,0,0,0,0,0,0,0,0,0,0,0,11.92,0,0,0,0,0,0,0,0,0,0,0,0,0,0,0,0,0,3,0,2.79,0,1.58,0.5,0.14,0,0.88,0,0.7,0.7,0.45,0.35,0.37,0.47,0.27,0.15,0.19,0.09,0.16,0.04,0.06
2017-07,68.01,0,0,0,0,0,0,0,0,0.47,8.49,0,0,0,0,0,0,0,0,0,0,0,0,0,0,0,0,0,0,0,0,10.6,0,0,0,0,0,0,0,0,0,0,0,0,0,0,0,0,0,2.79,0,2.59,0,1.51,0.54,0.21,0,0.83,0,0.67,0.68,0.45,0.4,0.36,0.46,0.27,0.14,0.19,0.09,0.15,0.05,0.06
2017-08,71.81,0,0,0,0,0,0,0,0,0.64,7.75,0,0,0,0,0,0,0,0,0,0,0,0,0,0,0,0,0,0,0,0,8.65,0,0,0,0,0,0,0,0,0,0,0,0,0,0,0,0,0,2.32,0,2.22,0,1.34,0.84,0.13,0,0.74,0,0.59,0.6,0.41,0.36,0.36,0.4,0.24,0.14,0.17,0.08,0.14,0.04,0.04
2017-09,68.5,0,0,0,0,0,0,0,0,6.62,7.34,0,0,0,0,0,0,0,0,0,0.01,0,0,0,0,0,0,0,0,0,0,7.21,0,0,0,0,0,0,0,0,0,0,0,0,0,0,0,0,0,2.04,0,1.99,0,1.32,0.82,0.13,0,0.67,0,0.54,0.55,0.39,0.31,0.34,0.37,0.22,0.14,0.18,0.08,0.13,0.04,0.06
2017-10,35.5,0,0,0,0,0,0,0,0,41.99,6.93,0,0,0,0,0,0,0,0,0,0.5,0,0,0,0,0,0,0,0,0,0,5.84,0,0,0,0,0,0,0,0,0,0,0,0,0,0,0,0,0,1.77,0,1.77,0,1.21,0.65,0.11,0,0.64,0,0.49,0.52,0.34,0.26,0.31,0.32,0.2,0.13,0.16,0.14,0.11,0.03,0.06
2017-11,22.23,0,0,0.38,0,0,0,0,0,30.3,6.52,0,0,0,0,0,0,0,0,0,27.32,0,0,0,0,0,0,0,0,0,0,4.89,0,0,0,0,0,0,0,0,0,0,0,0,0,0,0,0,0,1.52,0,1.46,0,1.08,0.83,0.14,0,0.54,0,0.43,0.45,0.31,0.26,0.32,0.29,0.18,0.13,0.12,0.09,0.1,0.04,0.06
2017-12,17.22,0,0,21.26,0,0,0,0,0,10.41,6.03,0,0,0,0,0,0,0,0,0,33.44,0,0,0,0,0,0,0,0,0,0,4.06,0,0,0,0,0,0,0,0,0,0,0,0,0,0,0,0,0,1.31,0,1.21,0,0.97,0.88,0.14,0,0.49,0,0.39,0.41,0.27,0.26,0.31,0.26,0.17,0.13,0.13,0.07,0.09,0.04,0.05
2018-01,14.17,0,0,52.75,0,0,0,0,0,6.78,5.78,0.03,0,0,0,0,0,0,0,0,10.73,0,0,0,0,0,0,0,0,0,0,3.52,0,0,0,0,0,0,0,0,0,0,0,0,0,0,0,0,0,1.14,0,1.06,0,0.86,0.41,0.11,0,0.44,0,0.36,0.37,0.25,0.17,0.25,0.23,0.15,0.11,0.12,0.06,0.08,0.03,0.05
2018-02,12.23,0,0,61.13,0,0,0,0,0,5.1,5.36,0.32,0,0,0,0,0,0,0,0,7.05,0,0,0,0,0,0,0,0,0,0,3.12,0,0,0,0,0,0,0,0,0,0,0,0,0,0,0,0,0,1.03,0,0.95,0,0.81,0.33,0.14,0,0.38,0,0.33,0.34,0.23,0.17,0.24,0.21,0.14,0.1,0.12,0.05,0.08,0.03,0.04
2018-03,10.56,0,0,66.23,0,0,0,0,0,3.96,4.99,0.59,0,0,0,0,0,0,0,0,5.14,0,0,0,0,0,0,0,0,0,0,2.79,0,0,0,0,0,0,0,0,0,0,0,0,0,0,0,0,0,0.92,0,0.85,0,0.69,0.72,0.15,0,0.36,0,0.31,0.32,0.24,0.19,0.28,0.19,0.14,0.1,0.11,0.05,0.07,0.02,0.04
2018-04,9.77,0,0,38.12,0.11,0,0,0,0,3.28,5.23,31.99,0,0,0,0,0,0,0,0,3.82,0,0,0,0,0,0,0,0,0,0,2.43,0,0,0,0,0,0,0,0,0,0,0,0,0,0,0,0,0,0.87,0,0.79,0,0.7,0.29,0.14,0,0.36,0,0.33,0.34,0.27,0.19,0.24,0.2,0.14,0.11,0.1,0.05,0.08,0.03,0.04
2018-05,8.69,0,0,17.11,0.41,0,0,0,0,2.75,4.78,55.91,0,0,0,0,0,0,0,0,3.21,0,0,0,0,0,0,0,0,0,0,2.21,0,0,0,0,0,0,0,0,0,0,0,0,0,0,0,0,0,0.8,0,0.71,0,0.62,0.27,0.22,0,0.33,0,0.3,0.31,0.26,0.2,0.21,0.18,0.13,0.11,0.1,0.05,0.07,0.03,0.03
2018-06,7.9,0,0,11.53,32.53,0,0,0,0,2.29,4.55,31.71,0,0,0,0,0,0,0,0,2.65,0.2,0,0,0,0,0,0,0,0,0,1.96,0,0,0,0,0,0,0,0,0,0,0,0,0,0,0,0,0,0.78,0,0.64,0,0.6,0.28,0.18,0,0.31,0,0.29,0.29,0.22,0.18,0.22,0.17,0.13,0.12,0.11,0.04,0.07,0.04,0.02
2018-07,7.12,0,0,8.74,57.53,0,0,0,0,2.06,4.27,11.47,0,0,0,0,0,0,0,0,2.26,0.47,0,0,0,0,0,0,0,0,0,1.77,0,0,0,0,0,0,0,0,0,0,0,0,0,0,0,0,0,0.66,0,0.56,0,0.57,0.27,0.22,0,0.28,0,0.27,0.27,0.18,0.19,0.2,0.16,0.12,0.11,0.1,0.05,0.06,0.04,0.02
2018-08,6.58,0,0,7.09,64.46,0,0,0,0,2.13,4.08,7.43,0,0,0,0,0,0,0,0,2.02,0.56,0,0,0,0,0,0,0,0,0,1.61,0,0,0,0,0,0,0,0,0,0,0,0,0,0,0,0,0,0.6,0,0.52,0,0.55,0.26,0.18,0,0.25,0,0.26,0.26,0.18,0.18,0.2,0.15,0.11,0.09,0.09,0.04,0.06,0.03,0.02
2018-09,5.97,0.09,0,5.79,62.82,0,0,0,0,1.88,3.91,5.45,0,0,0,0,0,0,0,0,1.67,7.37,0,0,0,0,0,0,0,0,0,1.44,0,0,0,0,0,0,0,0,0,0,0,0,0,0,0,0,0,0.53,0,0.47,0,0.5,0.22,0.12,0,0.23,0,0.24,0.23,0.16,0.14,0.2,0.14,0.1,0.07,0.08,0.04,0.05,0.03,0.02
2018-10,5.38,0.53,0,4.68,25.64,0,0,0,0,1.67,3.63,4.04,0,0,0,0,0,0,0,0,1.36,48.54,0,0,0,0,0,0,0,0,0,1.28,0,0,0,0,0,0,0,0,0,0,0,0,0,0,0,0,0,0.47,0,0.42,0,0.46,0.21,0.09,0,0.22,0,0.23,0.2,0.17,0.12,0.18,0.13,0.09,0.07,0.06,0.04,0.04,0.03,0.02
2018-11,4.9,29.88,0,3.77,15.26,0,0,0,0,1.55,3.42,3.2,0,0,0,0,0,0,0,0,1.1,32.5,0,0,0,0,0,0,0,0,0,1.19,0,0,0,0,0,0,0,0,0,0,0,0,0,0,0,0,0,0.44,0,0.38,0,0.45,0.2,0.18,0,0.22,0,0.21,0.19,0.18,0.16,0.18,0.11,0.08,0.06,0.07,0.04,0.04,0.02,0.02
2018-12,4.62,56.37,0,3.15,11.22,0,0,0,0,1.33,3.24,2.61,0,0,0,0,0,0,0,0,0.96,12.41,0,0,0,0,0,0,0,0,0,1.09,0,0,0,0,0,0,0,0,0,0,0,0,0,0,0,0,0,0.39,0,0.35,0,0.44,0.21,0.11,0,0.2,0,0.2,0.18,0.17,0.12,0.19,0.11,0.08,0.07,0.07,0.03,0.04,0.02,0.02
2019-01,4.17,67.24,0,2.68,8.68,0,0,0,0,1.13,3.04,2.2,0,0,0,0,0,0,0.02,0,0.83,6.16,0,0,0,0,0,0,0,0,0,0.92,0,0,0,0,0,0,0,0,0,0,0,0,0,0,0,0,0,0.35,0,0.32,0,0.45,0.21,0.14,0,0.19,0,0.2,0.18,0.16,0.13,0.16,0.11,0.08,0.06,0.07,0.03,0.04,0.02,0.02
2019-02,3.86,71.48,0,2.35,7.32,0,0,0,0,1.33,2.8,1.95,0,0,0,0,0,0,0.25,0,0.72,4.54,0,0,0,0,0,0,0,0,0,0.87,0,0,0,0,0,0,0,0,0,0,0,0,0,0,0,0,0,0.31,0,0.29,0,0.37,0.2,0.09,0,0.16,0,0.17,0.15,0.17,0.1,0.16,0.09,0.07,0.05,0.06,0.03,0.04,0.02,0.02
2019-03,3.62,74.5,0,2.06,6.02,0,0,0,0.01,1.36,2.74,1.73,0,0,0,0,0,0,0.93,0,0.65,3.2,0,0,0,0,0,0,0,0,0,0.75,0,0,0,0,0,0,0,0,0,0,0,0,0,0,0,0,0,0.29,0,0.27,0,0.32,0.2,0.07,0,0.17,0,0.16,0.15,0.18,0.09,0.15,0.09,0.06,0.05,0.07,0.03,0.03,0.02,0.02
2019-04,3.42,34.54,0,1.84,5.12,0,0,0,0.22,1,2.63,1.51,0,0,0,0,0,0,43.2,0,0.59,2.51,0,0,0,0,0,0,0,0,0,0.69,0,0,0,0,0,0,0,0,0,0,0,0,0,0,0,0,0,0.26,0,0.25,0,0.35,0.21,0.06,0,0.16,0,0.16,0.17,0.17,0.09,0.16,0.09,0.07,0.06,0.34,0.04,0.03,0.03,0.02
2019-05,3.2,14.03,0,1.73,4.36,0,0.06,0,3.8,0.94,2.51,1.45,0,0,0,0,0,0,62.27,0,0.53,2.02,0,0,0,0,0,0,0,0,0,0.64,0,0,0,0,0,0,0,0,0,0,0,0,0,0,0,0,0,0.25,0,0.23,0,0.28,0.17,0.24,0,0.14,0,0.16,0.15,0.17,0.13,0.15,0.08,0.07,0.06,0.05,0.03,0.03,0.02,0.03
2019-06,3.03,9.29,0,1.64,3.8,0,0.22,0,52.18,0.8,2.41,1.15,0,0,0,0,0,0,20.03,0,0.5,1.59,0,0,0,0,0,0,0,0,0,0.58,0,0,0,0,0,0,0,0,0,0,0,0,0,0,0,0,0,0.24,0,0.21,0,0.27,0.15,0.58,0,0.13,0.1,0.14,0.14,0.15,0.16,0.14,0.08,0.07,0.06,0.03,0.03,0.03,0.03,0.04
2019-07,2.87,6.69,0,1.49,3.3,0,1.2,0,67.65,0.73,2.29,1.02,0,0,0,0,0,0,6.64,0,0.46,1.33,0,0,0,0,0,0,0,0,0,0.57,0,0,0,0,0,0,0,0,0,0,0,0,0,0,0,0,0,0.26,0,0.2,0,0.24,0.14,1.04,0,0.13,0.48,0.14,0.12,0.32,0.23,0.14,0.07,0.08,0.06,0.03,0.03,0.03,0.03,0.02
2019-08,2.76,5.54,0,1.34,2.95,0,35.39,0,37.96,0.67,2.24,0.94,0,0,0,0,0,0,4.55,0.03,0.41,1.19,0,0,0,0,0,0,0,0,0,0.52,0,0,0,0,0,0,0,0,0,0,0,0,0,0,0,0,0,0.23,0,0.19,0,0.24,0.16,0.81,0,0.14,0.62,0.13,0.12,0.23,0.19,0.14,0.07,0.06,0.04,0.03,0.03,0.03,0.03,0.01
2019-09,2.49,4.31,0,1.17,2.6,0,62.6,0,10.65,0.64,2.01,0.83,0,0,0,0,0,0,2.97,2.49,0.37,0.98,0,0,0,0,0,0,0,0,0,0.47,0,0,0,0,0,0,0,0,0,0,0,0,0,0,0,0,0,0.19,0,0.16,0,0.19,0.16,0.48,0,0.14,3.12,0.12,0.1,0.19,0.14,0.14,0.06,0.07,0.04,0.02,0.03,0.02,0.02,0.01
2019-10,2.45,3.07,0,1.09,2.09,0,30.1,0,5.22,3.92,1.98,0.72,0,0,0,0,0,0,1.87,41.28,0.35,0.75,0,0,0,0,0,0,0,0,0,0.43,0,0,0,0,0,0,0,0,0,0,0,0,0,0,0.76,0,0,0.17,0,0.15,0,0.18,0.16,0.14,0,0.13,2.14,0.11,0.1,0.16,0.08,0.13,0.06,0.06,0.04,0.02,0.02,0.02,0.01,0.01
2019-11,2.33,2.58,0.32,1.02,1.84,0,18.52,0,3.88,0.54,1.95,0.64,0,0,0,0,0,0,1.51,46.31,0.32,0.65,0,0,0,0,0,0,0,0,0,0.4,0,0,0,0,0,0,0,0,0,0,0,0,0,0,13.44,0,0,0.18,0,0.14,0,0.18,0.14,0.77,0,0.13,1.32,0.11,0.09,0.13,0.18,0.12,0.05,0.05,0.04,0.02,0.02,0.02,0.01,0.01
2019-12,2.07,2.21,24.69,0.84,1.58,0,15.85,0,3.23,0.48,1.81,0.56,0,0,0,0,0,0,1.28,28.62,0.27,0.58,0,0,0,0,0,0,0,0,0,0.34,0,0,0,0,0,0,0,0,0,0,0,0,0,0,12.61,0,0,0.15,0,0.12,0,0.16,0.13,0.47,0,0.12,1.04,0.1,0.09,0.1,0.13,0.14,0.05,0.05,0.03,0.02,0.03,0.02,0.01,0.01
2020-01,2.03,1.83,64.53,0.77,1.38,0,11.23,0,2.21,0.43,1.85,0.51,0,0,0,0,0,0,0.98,6.02,0.25,0.51,0,0,0,0,0,0,0,0,0,0.3,0,0,0,0,0,0,0,0,0,0,0,0,0,0,2.79,0,0,0.13,0,0.11,0,0.16,0.14,0.41,0,0.11,0.58,0.1,0.09,0.09,0.12,0.15,0.05,0.05,0.03,0.02,0.03,0.02,0.01,0.01
2020-02,1.9,1.6,70.78,0.72,1.22,0,9.63,0,1.75,0.39,1.68,0.46,0,0,0,0,0,0,0.83,3.73,0.23,0.47,0,0,0,0,0,0,0,0,0,0.29,0.21,0,0,0,0,0,0,0,0,0,0,0,0,0,1.9,0,0,0.13,0,0.11,0,0.14,0.14,0.38,0,0.13,0.46,0.08,0.08,0.12,0.11,0.13,0.05,0.04,0.04,0.02,0.03,0.02,0.01,0.01
2020-03,1.76,1.35,74.24,0.62,1.07,0,8.55,0,1.38,0.36,1.53,0.41,0,0,0,0,0,0,0.68,2.57,0.2,0.41,0,0,0,0,0,0,0,0,0,0.26,1.31,0,0,0,0,0,0,0,0,0,0,0,0,0,1.38,0,0,0.11,0,0.09,0,0.13,0.13,0.33,0,0.1,0.35,0.08,0.07,0.08,0.1,0.13,0.04,0.04,0.04,0.02,0.02,0.02,0.01,0.01
2020-04,1.64,1.33,66.25,0.56,1.03,0,8.66,0,1.32,0.32,1.49,0.39,0,0,0,0,0,0,0.74,2.21,0.19,0.42,0,0,0,0,0,0,0,0,0,0.21,10.42,0,0,0,0,0,0,0,0,0,0,0,0,0,1.23,0,0,0.09,0,0.08,0,0.12,0.12,0.18,0,0.1,0.31,0.07,0.07,0.09,0.07,0.08,0.04,0.04,0.04,0.02,0.02,0.02,0.01,0.01
2020-05,1.81,1.47,34.81,0.57,1.12,0,10.09,0,1.41,0.34,1.68,0.42,0,0,0,0,0,0,0.78,1.95,0.19,0.47,2.2,0,0,0,0,0,0,0,0,0.22,37.82,0,0,0,0,0,0,0,0,0,0,0,0,0,1.09,0,0,0.1,0,0.08,0,0.15,0.15,0.17,0,0.08,0.27,0.09,0.07,0.1,0.07,0.04,0.04,0.04,0.03,0.02,0.01,0.02,0.01,0.01
2020-06,1.8,1.41,12.22,0.59,1.05,0,9.95,0,1.25,0.33,1.69,0.43,0,0,0,0,0,0,0.7,1.67,0.19,0.44,35.67,0,0,0,0,0,0.12,0,0,0.21,27.85,0,0,0,0,0,0,0.08,0,0,0,0,0,0,0.92,0,0,0.09,0,0.08,0,0.16,0.15,0.06,0,0.09,0.23,0.08,0.07,0.11,0.06,0.04,0.04,0.05,0.04,0.03,0.02,0.02,0.01,0.01
2020-07,1.74,1.2,6.94,0.52,0.96,0,9.62,0,1.08,0.33,1.63,0.39,0,0,0,0,0,0,0.58,1.32,0.17,0.38,62.81,0,0,0,0,0,2.91,0,0,0.2,4.44,0,0,0,0,0,0,0.62,0,0,0,0,0,0,0.74,0,0,0.09,0,0.08,0,0.15,0.15,0.05,0,0.11,0.19,0.08,0.07,0.14,0.05,0.04,0.04,0.04,0.04,0.03,0.02,0.02,0.01,0.01
2020-08,1.66,1.15,5.36,0.5,0.87,0,9.27,0,0.97,0.31,1.58,0.37,0,0,0,0,0,0,0.52,1.18,0.16,0.36,25.56,0,0,0,0,0,44.26,0,0,0.19,2.92,0,0,0,0,0,0,0.86,0,0,0,0,0,0,0.64,0,0,0.08,0,0.07,0,0.15,0.16,0.05,0,0.09,0.17,0.08,0.07,0.11,0.05,0.04,0.04,0.04,0.04,0.04,0.02,0.02,0,0.01
2020-09,1.57,0.99,3.97,0.43,0.77,0,8.71,0,0.83,0.28,1.5,0.33,0,0,0,0,0,0,0.47,0.99,0.14,0.32,6.44,0,0.09,0,0,0,32.77,0,0,0.17,1.88,0,0,0,0,25.13,0,10.49,0,0,0,0,0,0,0.54,0,0,0.07,0,0.06,0,0.13,0.14,0.05,0,0.08,0.14,0.07,0.06,0.1,0.05,0.03,0.04,0.04,0.04,0.05,0.02,0.01,0,0.01
2020-10,1.41,0.88,3.17,0.39,0.67,0,7.9,0,0.72,0.25,1.34,0.29,0,0,0,0,0,0,0.41,0.8,0.13,0.28,4.24,0,0.46,0,0,0,9.74,0,0,0.15,1.44,0,0,0,0,29.41,0,32.34,0,0,0,0,0,2.03,0.44,0,0,0.06,0,0.06,0,0.12,0.13,0.04,0,0.07,0.12,0.07,0.06,0.12,0.04,0.03,0.03,0.03,0.03,0.05,0.02,0.01,0,0
2020-11,1.34,0.83,2.71,0.38,0.6,0,7.33,0,0.66,0.25,1.28,0.28,0,0,0,0,0,0,0.36,0.7,0.12,0.26,3.23,0,18.73,0,0,0,6,0,0,0.14,1.22,0,0,0.12,0,9.26,0,10.73,0,0,0,0,0,32.07,0.4,0,0,0.06,0,0.05,0,0.1,0.12,0.04,0,0.07,0.11,0.06,0.05,0.11,0.04,0.03,0.03,0.03,0.03,0.02,0.02,0.01,0,0
2020-12,1.23,0.66,2.21,0.3,0.54,0.08,6.55,0,0.56,0.24,1.2,0.24,0,0,0,0,0,0,0.31,0.59,0.1,0.22,2.36,0,57.69,0,0,0,3.89,0,0,0.14,0.98,0.18,0,3.81,0,4.12,0,5.02,0,0,0,0,0,4.92,0.36,0,0,0.1,0,0.04,0,0.11,0.11,0.43,0,0.05,0.09,0.06,0.05,0.1,0.18,0.02,0.03,0.03,0.03,0.01,0.02,0.01,0,0
2021-01,1.18,0.59,1.94,0.28,0.49,1.24,5.09,0,0.5,0.23,1.15,0.22,0,0,0,0,0,0,0.28,0.54,0.1,0.2,1.99,0,28.73,0,0,0,3.1,0,0,0.13,0.86,1.23,0,38.75,0,2.89,0,3.72,0,0,0,0,0,3.03,0.33,0,0,0.08,0,0.04,0,0.1,0.11,0.27,0,0.05,0.08,0.05,0.05,0.08,0.12,0.03,0.03,0.03,0.03,0.01,0.02,0.01,0,0.01
2021-02,1.18,0.52,1.65,0.25,0.44,45.8,2.38,0,0.44,0.28,1.22,0.2,0,0,0,0,0,0,0.25,0.49,0.09,0.18,1.6,0,6.65,0,0,0,2.26,0,0,0.2,0.71,3.64,0,21.27,0,1.82,0,2.52,0,0,0,0,0,1.71,0.28,0,0,0.12,0,0.04,0.22,0.1,0.11,0.66,0,0.05,0.07,0.06,0.05,0.07,0.27,0.03,0.03,0.03,0.03,0.01,0.02,0.01,0,0.01
2021-03,1.14,0.47,1.46,0.22,0.39,67.78,1.73,0,0.39,0.34,1.15,0.18,0,0,0,0,0,0,0.22,0.47,0.08,0.16,1.34,0,4.16,0,0,0,1.84,0,0,0.22,0.62,4.05,0,4.72,0,1.4,0,1.95,0,0,0,0,0,1.25,0.25,0,0,0.11,0,0.04,0.38,0.09,0.11,0.57,0,0.05,0.07,0.06,0.05,0.06,0.23,0.03,0.04,0.03,0.03,0.02,0.02,0.01,0,0.01
2021-04,1.09,0.43,1.3,0.21,0.36,71.64,1.38,0,0.36,0.34,1.05,0.17,0,0,0,0,0,0.02,0.2,0.43,0.07,0.15,1.15,0,3.18,0,0,0,1.59,0,0,0.21,0.55,4.16,0,3.01,0,1.14,0,1.6,0,0,0,0,0,1.01,0.23,0,0,0.13,0,0.04,1.01,0.09,0.13,0.78,0,0.06,0.06,0.05,0.05,0.09,0.31,0.03,0.03,0.03,0.03,0.01,0.02,0.01,0,0.01
2021-05,1.03,0.39,1.19,0.2,0.34,62.49,1.18,0,0.33,0.32,1.02,0.17,0,0,0,0.03,0,1.06,0.19,0.4,0.07,0.14,1,0,2.77,0,0,0,1.42,0,0,0.15,0.5,4.29,0,2.46,0,1.03,0,1.41,0,0,0,0,0,0.89,0.23,0,0,0.06,0,0.03,12.24,0.09,0.12,0.21,0,0.04,0.06,0.05,0.05,0.08,0.1,0.03,0.03,0.03,0.03,0.01,0.02,0.01,0,0
2021-06,1.02,0.39,1.11,0.19,0.32,28.86,1.05,0,0.31,0.37,1.01,0.16,0,0,0,0.16,0,42.87,0.18,0.37,0.07,0.13,0.97,0,2.51,0,0,0,1.33,0,0,0.14,0.47,4.36,0,2.15,0,0.95,0,1.26,0,0,0,0,0.11,0.82,0.19,0,0,0.04,0,0.03,5.28,0.08,0.13,0.08,0,0.04,0.05,0.05,0.05,0.09,0.05,0.03,0.03,0.04,0.03,0.01,0.02,0.01,0,0
2021-07,0.96,0.36,1,0.17,0.28,10.64,0.89,0,0.28,0.33,0.94,0.15,0,0,0,2.04,0,64.49,0.17,0.34,0.06,0.12,0.88,0,2.09,0,0,0,1.16,0,0,0.16,0.42,4.22,0,1.7,0,0.83,0,1.06,0,0,0,0,0.3,0.69,0.18,0,0,0.06,0,0.03,2.06,0.08,0.12,0.23,0,0.04,0.05,0.05,0.04,0.08,0.1,0.03,0.02,0.03,0.03,0.01,0.02,0.01,0,0
2021-08,0.98,0.32,0.93,0.16,0.27,7.72,0.8,0,0.27,0.3,0.9,0.15,0,0,0,40.63,0,30.18,0.16,0.33,0.06,0.11,0.78,0,1.87,0,0,0,1.08,0,0,0.16,0.39,4.23,0,1.47,0,0.78,0,0.91,0,0,0,0,0.39,0.61,0.17,0,0,0.08,0,0.03,1.53,0.07,0.11,0.49,0,0.04,0.05,0.05,0.04,0.07,0.19,0.03,0.02,0.03,0.03,0.01,0.02,0.01,0,0
2021-09,0.95,0.3,0.84,0.16,0.25,5.48,0.7,0,0.26,0.39,0.84,0.14,0,0,0,56.88,0,8.55,0.15,0.28,0.05,0.11,0.72,5.78,1.61,0,0,0.04,0.97,0,0,0.19,0.35,4.02,0,1.2,0,0.67,0,0.79,0,0,0,0,4.2,0.53,0.16,0,0,0.09,0,0.03,1.08,0.07,0.11,0.5,0,0.04,0.04,0.04,0.04,0.06,0.2,0.03,0.02,0.03,0.03,0.01,0.02,0.01,0,0
2021-10,0.89,0.26,0.74,0.14,0.21,5.32,0.59,0,0.22,0.34,0.73,0.12,0,0,0,33.14,0,6.09,0.12,0.25,0.05,0.09,0.62,17.72,1.34,0,0,0.93,0.84,0,0,0.17,0.32,3.64,0,1.02,0,0.58,0,0.66,0.01,0,0,0,20.41,0.45,0.14,0,0,0.07,0,0.02,0.79,0.06,0.1,0.35,0,0.04,0.04,0.03,0.03,0.07,0.14,0.02,0.02,0.03,0.03,0.01,0.02,0.01,0,0.01
2021-11,0.86,0.24,0.68,0.13,0.2,4.03,0.53,0,0.2,0.31,0.71,0.12,0,0,0,10.05,0,4.37,0.11,0.22,0.05,0.08,0.58,32.24,1.24,0,0,17.37,0.79,0,0,0.1,0.29,3.52,0,0.95,0,0.54,0,0.59,0.21,0,0,0,16.55,0.41,0.13,0,0,0.06,0,0.02,0.64,0.05,0.09,0.3,0,0.04,0.04,0.03,0.03,0.06,0.12,0.02,0.02,0.03,0.02,0.01,0.02,0.01,0,0
2021-12,0.81,0.23,0.61,0.12,0.18,3.52,0.47,0,0.19,0.32,0.67,0.12,0,0,0,5.64,0,3.27,0.1,0.2,0.04,0.07,0.53,20.05,1.12,0,0,42.59,0.71,0.05,0,0.12,0.27,3.4,0,0.84,0,0.47,0,0.53,4.31,0,0,0,6.47,0.38,0.11,0,0,0.05,0,0.02,0.55,0.05,0.09,0.27,0,0.04,0.03,0.03,0.03,0.06,0.11,0.02,0.02,0.02,0.02,0.01,0.02,0.01,0,0
2022-01,0.71,0.2,0.55,0.11,0.16,3.07,0.42,0,0.17,0.31,0.6,0.11,0,0,0,4.82,0,2.88,0.09,0.2,0.04,0.06,0.52,14.84,1.01,0,0.01,34.1,0.62,0.91,0,0.14,0.25,3.25,0,0.77,0,0.42,0,0.47,21.89,0,0,0,4.26,0.34,0.1,0,0,0.07,0,0.01,0.49,0.05,0.08,0.44,0,0.03,0.03,0.02,0.02,0.06,0.17,0.02,0.01,0.02,0.02,0.01,0.02,0.01,0,0
2022-02,0.64,0.19,0.51,0.11,0.15,2.81,0.39,0,0.17,0.28,0.56,0.1,0,0,0,4.2,0,2.59,0.09,0.22,0.04,0.06,0.44,11.36,0.94,0,0.27,11.19,0.58,19.67,0,0.16,0.23,3.1,0,0.71,0,0.39,0,0.43,32.19,0,0,0,3.06,0.32,0.09,0,0,0.09,0,0.01,0.46,0.05,0.08,0.59,0,0.02,0.03,0.02,0.02,0.05,0.23,0.01,0.01,0.02,0.02,0.01,0.02,0,0,0
2022-03,0.65,0.18,0.48,0.1,0.14,2.44,0.38,0,0.16,0.23,0.56,0.1,0,0,0,3.51,0,2.3,0.09,0.18,0.04,0.06,0.4,7.96,0.87,0,5.68,4.48,0.54,54.68,0,0.09,0.21,3.16,0,0.65,0,0.35,0,0.4,5.1,0,0,0,2.12,0.3,0.09,0,0,0.06,0,0.02,0.42,0.05,0.07,0.3,0,0.03,0.03,0.02,0.02,0.07,0.12,0.01,0.01,0.02,0.02,0.01,0.02,0.01,0,0
2022-04,0.69,0.16,0.45,0.09,0.13,2.24,0.35,0,0.16,0.22,0.56,0.1,0,0,0,3.1,0.15,2.11,0.09,0.17,0.03,0.06,0.36,6.52,0.82,0,35.6,3.21,0.52,30.97,0,0.07,0.2,3.24,0,0.6,0,0.33,0,0.38,3.26,0,0,0,1.66,0.29,0.09,0,0,0.04,0,0.03,0.39,0.04,0.07,0.13,0,0.04,0.03,0.02,0.02,0.08,0.05,0.01,0.01,0.03,0.02,0.01,0.02,0,0,0
2022-05,0.61,0.15,0.4,0.1,0.12,2.05,0.32,0.05,0.14,0.12,0.51,0.09,0,0,0,2.64,5.95,1.83,0.08,0.15,0.03,0.05,0.31,5.13,0.7,0,60.84,2.11,0.46,5.93,0,0.05,0.18,3.28,0,0.54,0,0.3,0,0.35,2,0,0,0,1.27,0.26,0.08,0,0,0.02,0,0.02,0.34,0.04,0.07,0.02,0,0.03,0.04,0.02,0.02,0.07,0.01,0.01,0.01,0.03,0.02,0.01,0.01,0,0.02,0
2022-06,0.55,0.15,0.37,0.1,0.11,1.83,0.3,0.2,0.14,0.14,0.5,0.09,0,0,0,2.33,57.72,1.62,0.07,0.14,0.03,0.05,0.29,4.29,0.66,0.19,14.48,1.63,0.43,3.51,0,0.03,0.16,3.23,0,0.49,0,0.28,0,0.31,1.5,0,0,0,1.04,0.24,0.08,0,0,0.02,0,0.01,0.3,0.04,0.07,0.02,0,0.02,0.03,0.02,0.02,0.06,0.01,0.01,0.01,0.03,0.02,0.01,0.01,0,0.01,0
2022-07,0.56,0.14,0.35,0.07,0.11,1.65,0.29,2.15,0.13,0.17,0.48,0.09,0,0,0,2.05,66.74,1.57,0.07,0.13,0.03,0.05,0.27,3.5,0.62,0.45,6.48,1.37,0.47,2.62,0,0.03,0.16,3.02,0,0.46,0,0.26,0,0.31,1.28,0,0,0,0.91,0.22,0.08,0,0,0.01,0,0.01,0.27,0.03,0.06,0.02,0,0.02,0.02,0.02,0.02,0.06,0.01,0.01,0.01,0.04,0.02,0.01,0.02,0,0,0
2022-08,0.54,0.13,0.33,0.07,0.1,1.68,0.28,52.3,0.12,0.16,0.46,0.09,0,0,0,1.86,20.95,2.11,0.07,0.12,0.03,0.07,0.28,2.82,0.58,0.7,4.22,1.11,0.37,1.84,0,0.03,0.15,2.7,0,0.41,0,0.25,0,0.32,1.02,0,0,0,0.79,0.2,0.08,0,0,0.01,0,0.01,0.26,0.03,0.07,0.02,0,0.03,0.03,0.02,0.02,0.05,0.01,0.01,0.01,0.02,0.02,0.01,0.02,0,0,0
2022-09,0.49,0.12,0.29,0.06,0.08,1.49,0.25,57.07,0.1,0.12,0.42,0.08,0.16,0,0,1.57,6.82,1.88,0.06,0.11,0.02,0.07,0.24,2.33,0.51,12.53,2.79,0.87,0.33,1.32,0,0.02,0.13,2.39,0,0.36,0,0.22,2.06,0.29,0.79,0,0,0,0.64,0.18,0.07,0,0,0.01,0,0.01,0.22,0.03,0.07,0.02,0,0.04,0.02,0.03,0.02,0.06,0.01,0.01,0.01,0.03,0.02,0.01,0.02,0.01,0,0.01
2022-10,0.45,0.1,0.24,0.05,0.07,1.12,0.21,42.04,0.1,0.09,0.38,0.07,1.49,0,0,1.32,5.01,1.13,0.06,0.16,0.02,0.04,0.19,2.21,0.43,28.49,2.2,0.75,0.28,1.1,0,0.02,0.11,2.19,0.02,0.31,0,0.17,5.27,0.21,0.66,0,0,0,0.51,0.15,0.06,0,0,0.01,0,0.01,0.18,0.03,0.06,0.02,0,0.03,0.02,0.02,0.01,0.04,0.01,0.01,0.01,0.03,0.02,0.01,0.02,0,0,0.01
2022-11,0.46,0.1,0.24,0.05,0.08,1.09,0.21,31.65,0.11,0.09,0.38,0.08,19.28,0,0,1.25,4.44,0.89,0.06,0.25,0.02,0.04,0.23,2.13,0.43,20.88,2.02,0.73,0.28,1.02,0,0.02,0.1,2.32,0.32,0.3,0,0.18,6.27,0.19,0.62,0,0,0,0.47,0.15,0.06,0,0,0.01,0,0.01,0.16,0.03,0.06,0.02,0,0.02,0.01,0.02,0.02,0.05,0.01,0.01,0.01,0.02,0.02,0.01,0.02,0,0,0.01
2022-12,0.68,0.11,0.25,0.06,0.08,1.04,0.22,14.77,0.1,0.1,0.39,0.09,40.4,0.1,0,1.17,3.49,0.9,0.06,0.26,0.02,0.05,0.2,1.9,0.43,13.39,1.94,0.72,0.4,0.93,0,0.03,0.11,2.21,4.43,0.32,0,0.19,6.39,0.22,0.6,0,0,0,0.47,0.16,0.07,0,0,0.01,0,0.01,0.16,0.03,0.06,0.02,0,0.03,0.01,0.02,0.02,0.06,0.01,0.01,0.01,0.03,0.02,0.01,0.03,0,0,0.01
2023-01,0.7,0.1,0.22,0.05,0.07,0.9,0.21,12,0.09,0.1,0.37,0.09,30.96,1.51,0,1.03,3,0.77,0.05,0.2,0.02,0.04,0.16,1.66,0.37,11.32,1.59,0.6,0.26,0.81,0,0.02,0.09,2.16,20.13,0.26,0,0.16,6.05,0.17,0.51,0,0,0,0.4,0.13,0.15,0,0,0.01,0,0.01,0.14,0.02,0.06,0.02,0,0.03,0.01,0.02,0.02,0.05,0.01,0.01,0.01,0.02,0.02,0.01,0.01,0,0,0.01
2023-02,0.63,0.1,0.22,0.05,0.07,0.86,0.21,8.94,0.09,0.09,0.36,0.08,22.43,13.06,0,0.98,2.63,0.73,0.05,0.09,0.02,0.04,0.17,1.55,0.37,9.19,1.49,0.59,0.27,0.76,0,0.02,0.09,2.17,23.14,0.25,0,0.16,6.06,0.18,0.49,0.06,0,0,0.39,0.14,0.23,0,0,0.01,0,0.01,0.14,0.02,0.06,0.02,0,0.02,0.01,0.02,0.02,0.07,0.01,0.01,0.01,0.02,0.02,0.01,0.01,0,0,0.01
2023-03,0.44,0.09,0.2,0.04,0.07,0.77,0.19,6.41,0.08,0.07,0.36,0.08,15.66,38.19,0,0.87,2.26,0.68,0.05,0.08,0.02,0.04,0.16,1.36,0.34,7.03,1.31,0.54,0.24,0.68,0.01,0.02,0.08,2.06,10.59,0.24,0,0.15,5.94,0.16,0.44,0.75,0,0,0.36,0.13,0.22,0,0,0.01,0,0.01,0.13,0.03,0.06,0.02,0,0.02,0.01,0.03,0.02,0.08,0.01,0.01,0.01,0.02,0.02,0.01,0.02,0,0,0.01
2023-04,0.43,0.09,0.19,0.04,0.06,0.71,0.17,5.22,0.08,0.08,0.34,0.08,12.16,34.15,0,0.79,1.93,0.59,0.05,0.07,0.01,0.03,0.13,1.19,0.3,5.86,1.2,0.52,0.22,0.63,0.33,0.02,0.08,1.95,7.2,0.22,0,0.14,5.74,0.14,0.42,15.22,0,0,0.34,0.12,0.13,0,0,0.01,0,0.01,0.13,0.04,0.07,0.03,0,0.03,0.01,0.08,0.05,0.03,0.01,0.01,0.02,0.02,0.02,0.02,0.02,0.01,0,0.01
2023-05,0.41,0.08,0.17,0.03,0.06,0.65,0.17,4.34,0.08,0.1,0.31,0.07,9.63,15.21,0.08,0.73,1.67,0.54,0.05,0.06,0.01,0.03,0.1,1.09,0.27,5.05,1.07,0.45,0.18,0.56,2.72,0.02,0.07,1.92,5.34,0.2,0,0.13,5.85,0.11,0.37,39.03,0,0,0.31,0.1,0.09,0,0,0.01,0,0.01,0.11,0.03,0.07,0.03,0,0.02,0.01,0.03,0.02,0.03,0.01,0.01,0.01,0.01,0.02,0.01,0.02,0,0,0.01
2023-06,0.41,0.08,0.15,0.04,0.05,0.66,0.15,3.84,0.07,0.15,0.29,0.08,8.16,10.32,0.42,0.72,1.58,0.58,0.05,0.06,0.01,0.03,0.1,1.06,0.27,4.27,1.06,0.46,0.2,0.55,43.17,0.02,0.07,1.85,4.36,0.2,0,0.14,5.97,0.11,0.38,6.76,0,0,0.33,0.1,0.06,0,0.15,0.01,0,0.01,0.11,0.02,0.06,0.03,0,0.02,0.01,0.02,0.01,0.03,0.01,0.01,0.01,0.01,0.02,0.01,0.02,0,0,0.01
2023-07,0.39,0.07,0.13,0.03,0.05,0.55,0.13,3.2,0.06,0.16,0.29,0.09,7,7.69,1.26,0.61,1.34,0.48,0.04,0.05,0.02,0.03,0.08,0.84,0.24,3.67,0.93,0.41,0.17,0.48,54.62,0.02,0.05,1.64,3.63,0.18,0,0.11,5.44,0.1,0.33,2.11,0,0,0.31,0.09,0.07,0,0.4,0.01,0,0.01,0.1,0.02,0.06,0.02,0,0.02,0.01,0.02,0.01,0.03,0.01,0.01,0.01,0.02,0.02,0.01,0.02,0,0,0.01
2023-08,0.39,0.08,0.13,0.03,0.06,0.51,0.13,2.82,0.06,0.11,0.28,0.08,6.17,6.29,41.97,0.55,1.22,0.45,0.04,0.05,0.02,0.03,0.09,0.75,0.22,3.13,0.86,0.39,0.17,0.45,18.61,0.02,0.05,1.61,3.15,0.16,0,0.1,5.32,0.1,0.31,1.51,0,0,0.3,0.08,0.08,0,0.69,0.01,0,0.01,0.09,0.03,0.06,0.02,0,0.02,0.01,0.02,0.01,0.03,0.01,0.01,0.01,0.01,0.02,0.01,0.02,0,0,0.01
2023-09,0.36,0.07,1.09,0.03,0.04,0.46,0.12,2.47,0.06,0.1,0.24,0.07,5.33,5.06,55.91,0.48,1.1,0.38,0.04,0.05,0.02,0.03,0.07,0.64,0.19,2.88,0.79,0.34,0.15,0.4,3.43,0.01,0.04,1.45,2.71,0.14,0.01,0.09,4.81,0.09,0.29,1.15,0,0,0.29,0.07,0.09,0,4.93,0.01,1.02,0.01,0.08,0.02,0.05,0.02,0,0.02,0.01,0.02,0.01,0.04,0.01,0.01,0.01,0.01,0.02,0.01,0.02,0,0,0.01
2023-10,0.35,0.06,0.1,0.03,0.04,0.42,0.11,2.33,0.05,0.28,0.24,0.08,4.94,4.47,41.99,0.43,1.01,0.33,0.04,0.05,0.01,0.03,0.07,0.57,0.18,2.58,0.71,0.31,0.13,0.37,2.56,0.01,0.04,1.39,2.41,0.13,1.02,0.08,4.66,0.08,0.27,0.96,0,0.03,0.25,0.07,0.27,0,17.06,0.01,5.96,0.01,0.09,0.02,0.05,0.03,0.03,0.01,0.01,0.01,0.01,0.05,0.01,0.01,0.01,0.01,0.01,0.01,0.01,0,0,0.01
2023-11,0.36,0.06,0.1,0.03,0.04,0.37,0.11,2.16,0.05,0.13,0.25,0.11,4.65,4.18,30.89,0.39,0.94,0.29,0.04,0.04,0.01,0.03,0.06,0.48,0.16,2.32,0.67,0.27,0.12,0.35,2.22,0.02,0.04,1.44,2.23,0.11,18.93,0.07,2.78,0.07,0.25,0.86,0,0.54,0.22,0.06,0.17,0,11.27,0,6.74,0.01,0.09,0.02,0.05,0.05,1.92,0.02,0.01,0.01,0.01,0.05,0.01,0.01,0.01,0.01,0.02,0.01,0.02,0,0,0.01
2023-12,0.37,0.06,0.1,0.03,0.04,0.34,0.11,1.98,0.05,0.1,0.24,0.13,4.49,3.74,10.65,0.35,0.86,0.27,0.04,0.04,0.01,0.03,0.11,0.43,0.15,2.09,0.67,0.26,0.12,0.32,1.79,0.02,0.04,1.64,1.99,0.1,46.54,0.09,1.66,0.07,0.23,0.75,0.24,4.87,0.22,0.05,0.29,0,2.8,0.01,5.11,0.01,0.07,0.02,0.05,0.04,2.96,0.02,0.01,0.02,0.01,0.04,0.01,0.01,0.01,0.01,0.02,0.01,0.02,0,0,0.01
2024-01,0.36,0.06,0.09,0.03,0.03,0.33,0.1,1.85,0.05,0.1,0.23,0.12,4.09,3.46,8.69,0.34,0.82,0.25,0.04,0.03,0.01,0.03,0.11,0.4,0.14,1.92,0.62,0.25,0.13,0.31,1.64,0.02,0.03,1.59,1.86,0.11,22.99,0.13,1.33,0.07,0.22,0.77,1.98,31.12,0.21,0.05,0.33,0.02,2.23,0.01,4.73,0.01,0.08,0.02,0.05,0.05,3.21,0.02,0.01,0.01,0.01,0.03,0.01,0.01,0.01,0.01,0.02,0.01,0.02,0,0,0.01
2024-02,0.4,0.05,0.09,0.02,0.04,0.33,0.1,1.75,0.04,0.15,0.24,0.09,3.69,3.13,6.62,0.34,0.81,0.26,0.03,0.03,0.01,0.02,0.08,0.4,0.14,1.73,0.61,0.25,0.14,0.31,1.47,0.02,0.03,1.63,1.72,0.11,4.89,0.14,1.36,0.06,0.23,0.7,17.37,37.03,0.21,0.06,0.28,0.5,1.62,0.02,4.68,0.01,0.08,0.02,0.05,0.06,3.57,0.02,0.01,0.01,0.01,0.02,0.01,0.01,0.01,0.01,0.01,0.01,0.02,0,0,0.01
2024-03,0.42,0.06,0.09,0.03,0.04,0.31,0.11,1.7,0.05,0.26,0.25,0.06,3.29,2.83,5.06,0.32,0.78,0.24,0.03,0.03,0.01,0.03,0.06,0.39,0.13,1.59,0.61,0.24,0.13,0.3,1.27,0.02,0.03,1.54,1.59,0.1,2.5,0.12,1.2,0.06,0.22,0.6,49.6,4.03,0.2,0.05,0.3,7.28,1.25,0.02,4.56,0.01,0.07,0.02,0.05,0.06,3.63,0.02,0.01,0.01,0.01,0.01,0.01,0.01,0.01,0.01,0.01,0.01,0.02,0,0,0.01
2024-04,0.4,0.05,0.08,0.02,0.03,0.28,0.1,1.56,0.05,0.3,0.25,0.07,3.02,2.56,4.33,0.29,0.71,0.22,0.03,0.03,0.02,0.02,0.05,0.35,0.12,1.45,0.56,0.23,0.13,0.28,1.11,0.02,0.03,1.45,1.45,0.1,1.94,0.1,1.02,0.06,0.21,0.53,18.82,2.58,0.2,0.05,0.33,42.48,1.05,0.03,4.44,0.01,0.07,0.02,0.06,0.05,3.62,0.02,0.01,0.01,0.01,0.02,0.01,0.01,0.01,0.01,0.01,0.01,0.02,0,0,0.39
